date,Death_Raw
2020-01-09,0.0
2020-01-10,0.0
2020-01-11,0.0
2020-01-12,0.0
2020-01-13,0.0
2020-01-14,0.0
2020-01-15,0.0
2020-01-16,0.0
2020-01-17,0.0
2020-01-18,0.0
2020-01-19,0.0
2020-01-20,0.0
2020-01-21,0.0
2020-01-22,0.0
2020-01-23,0.0
2020-01-24,0.0
2020-01-25,0.0
2020-01-26,0.0
2020-01-27,0.0
2020-01-28,0.0
2020-01-29,0.0
2020-01-30,0.0
2020-01-31,0.0
2020-02-01,0.002095315
2020-02-02,0.002095315
2020-02-03,0.002095315
2020-02-04,0.00419063
2020-02-05,0.00419063
2020-02-06,0.00419063
2020-02-07,0.00419063
2020-02-08,0.002095315
2020-02-09,0.002095315
2020-02-10,0.002095315
2020-02-11,0.0
2020-02-12,0.0
2020-02-13,0.0
2020-02-14,0.0
2020-02-15,0.0
2020-02-16,0.0
2020-02-17,0.0
2020-02-18,0.0
2020-02-19,0.0
2020-02-20,0.0
2020-02-21,0.0
2020-02-22,0.0
2020-02-23,0.0
2020-02-24,0.002095315
2020-02-25,0.002095315
2020-02-26,0.002095315
2020-02-27,0.002095315
2020-02-28,0.002095315
2020-02-29,0.002095315
2020-03-01,0.002095315
2020-03-02,0.0
2020-03-03,0.0
2020-03-04,0.002095315
2020-03-05,0.002095315
2020-03-06,0.00419063
2020-03-07,0.00838126
2020-03-08,0.01257189
2020-03-09,0.01257189
2020-03-10,0.01676252
2020-03-11,0.02514378
2020-03-12,0.031429727
2020-03-13,0.044001617
2020-03-14,0.06705008
2020-03-15,0.09638449
2020-03-16,0.1403861
2020-03-17,0.19905493
2020-03-18,0.2933441
2020-03-19,0.40858644
2020-03-20,0.5468772
2020-03-21,0.685168
2020-03-22,0.89889014
2020-03-23,1.1545186
2020-03-24,1.4751018
2020-03-25,1.801971
2020-03-26,2.2315104
2020-03-27,2.7846737
2020-03-28,3.4782228
2020-03-29,4.2011065
2020-03-30,4.9826593
2020-03-31,5.824976
2020-04-01,6.8810143
2020-04-02,8.062772
2020-04-03,9.288531
2020-04-04,10.537339
2020-04-05,11.779861
2020-04-06,13.09991
2020-04-07,14.428339
2020-04-08,15.387994
2020-04-09,16.362314
2020-04-10,17.4875
2020-04-11,18.252289
2020-04-12,18.803356
2020-04-13,19.255945
2020-04-14,19.58491
2020-04-15,19.714819
2020-04-16,19.631006
2020-04-17,19.245468
2020-04-18,19.138607
2020-04-19,19.029652
2020-04-20,18.665066
2020-04-21,18.132856
2020-04-22,17.984089
2020-04-23,17.627886
2020-04-24,17.2633
2020-04-25,16.670326
2020-04-26,16.119259
2020-04-27,15.553523
2020-04-28,15.075791
2020-04-29,14.461864
2020-04-30,13.870985
2020-05-01,13.275916
2020-05-02,12.73742
2020-05-03,12.278546
2020-05-04,11.832244
2020-05-05,11.344035
2020-05-06,10.945926
2020-05-07,10.614866
2020-05-08,10.216756
2020-05-09,9.900364
2020-05-10,9.44568
2020-05-11,9.097857
2020-05-12,8.745845
2020-05-13,8.224112
2020-05-14,7.8029532
2020-05-15,7.4404635
2020-05-16,7.096832
2020-05-17,6.7888207
2020-05-18,6.537383
2020-05-19,6.2943263
2020-05-20,6.25242
2020-05-21,6.105748
2020-05-22,5.894121
2020-05-23,5.6363974
2020-05-24,5.3828645
2020-05-25,5.0999966
2020-05-26,4.8988466
2020-05-27,4.630646
2020-05-28,4.4797835
2020-05-29,4.328921
2020-05-30,4.215774
2020-05-31,4.1193895
2020-06-01,3.9831939
2020-06-02,3.8029969
2020-06-03,3.6353714
2020-06-04,3.4970808
2020-06-05,3.3336463
2020-06-06,3.1136382
2020-06-07,2.9669662
2020-06-08,2.8244846
2020-06-09,2.7574346
2020-06-10,2.6778126
2020-06-11,2.4766624
2020-06-12,2.3991356
2020-06-13,2.269226
2020-06-14,2.1665556
2020-06-15,2.06179
2020-06-16,2.0052164
2020-06-17,1.8920695
2020-06-18,1.8564491
2020-06-19,1.7286348
2020-06-20,1.6615849
2020-06-21,1.563105
2020-06-22,1.5337706
2020-06-23,1.416433
2020-06-24,1.3661454
2020-06-25,1.3179531
2020-06-26,1.3095719
2020-06-27,1.3493829
2020-06-28,1.330525
2020-06-29,1.3011906
2020-06-30,1.2802374
2020-07-01,1.250903
2020-07-02,1.217378
2020-07-03,1.1188983
2020-07-04,1.0204184
2020-07-05,0.95546365
2020-07-06,0.911462
2020-07-07,0.87374634
2020-07-08,0.8423166
2020-07-09,0.76269466
2020-07-10,0.74802744
2020-07-11,0.74802744
2020-07-12,0.7396462
2020-07-13,0.7103118
2020-07-14,0.6684055
2020-07-15,0.64954764
2020-07-16,0.64745235
2020-07-17,0.6348804
2020-07-18,0.5510678
2020-07-19,0.5301147
2020-07-20,0.5154475
2020-07-21,0.49868497
2020-07-22,0.46935058
2020-07-23,0.4463021
2020-07-24,0.4316349
2020-07-25,0.4630646
2020-07-26,0.4316349
2020-07-27,0.41487238
2020-07-28,0.4316349
2020-07-29,0.4043958
2020-07-30,0.39391923
2020-07-31,0.38134733
2020-08-01,0.34153634
2020-08-02,0.36668012
2020-08-03,0.36039418
2020-08-04,0.32896447
2020-08-05,0.33944103
2020-08-06,0.34153634
2020-08-07,0.31010664
2020-08-08,0.31848788
2020-08-09,0.30382067
2020-08-10,0.3080113
2020-08-11,0.31220195
2020-08-12,0.31639257
2020-08-13,0.30172536
2020-08-14,0.32477382
2020-08-15,0.32896447
2020-08-16,0.31639257
2020-08-17,0.31848788
2020-08-18,0.31010664
2020-08-19,0.30172536
2020-08-20,0.2912488
2020-08-21,0.2682003
2020-08-22,0.25353312
2020-08-23,0.2367706
2020-08-24,0.21372214
2020-08-25,0.21791276
2020-08-26,0.19276898
2020-08-27,0.20743619
2020-08-28,0.21372214
2020-08-29,0.20534088
2020-08-30,0.2095315
2020-08-31,0.20115024
2020-09-01,0.18857835
2020-09-02,0.20743619
2020-09-03,0.18438773
2020-09-04,0.1822924
2020-09-05,0.17600647
2020-09-06,0.1822924
2020-09-07,0.1948643
2020-09-08,0.19905493
2020-09-09,0.21162681
2020-09-10,0.22210339
2020-09-11,0.22000808
2020-09-12,0.23467529
2020-09-13,0.24305654
2020-09-14,0.26191437
2020-09-15,0.2765816
2020-09-16,0.27029565
2020-09-17,0.2912488
2020-09-18,0.32686913
2020-09-19,0.37296608
2020-09-20,0.39601454
2020-09-21,0.40020517
2020-09-22,0.44211146
2020-09-23,0.4609693
2020-09-24,0.4882084
2020-09-25,0.5447819
2020-09-26,0.5364006
2020-09-27,0.5573538
2020-09-28,0.6034507
2020-09-29,0.63697577
2020-09-30,0.68935865
2020-10-01,0.7082165
2020-10-02,0.7145024
2020-10-03,0.7920291
2020-10-04,0.8632698
2020-10-05,0.911462
2020-10-06,0.9261292
2020-10-07,0.9533683
2020-10-08,1.0287997
2020-10-09,1.1314701
2020-10-10,1.1859483
2020-10-11,1.2320452
2020-10-12,1.3095719
2020-10-13,1.4457674
2020-10-14,1.5547237
2020-10-15,1.6280597
2020-10-16,1.6532036
2020-10-17,1.7684458
2020-10-18,1.9067366
2020-10-19,2.0722666
2020-10-20,2.1539838
2020-10-21,2.3069417
2020-10-22,2.4976156
2020-10-23,2.7281
2020-10-24,2.9166784
2020-10-25,3.0486834
2020-10-26,3.1178288
2020-10-27,3.3022165
2020-10-28,3.4886994
2020-10-29,3.645848
2020-10-30,3.7485185
2020-10-31,3.9119532
2020-11-01,4.178058
2020-11-02,4.431591
2020-11-03,4.649504
2020-11-04,4.766842
2020-11-05,4.9596105
2020-11-06,5.0832343
2020-11-07,5.2236204
2020-11-08,5.3598156
2020-11-09,5.521155
2020-11-10,5.6741133
2020-11-11,5.994696
2020-11-12,6.063842
2020-11-13,6.2084184
2020-11-14,6.2985168
2020-11-15,6.3676624
2020-11-16,6.4556656
2020-11-17,6.5059533
2020-11-18,6.3802342
2020-11-19,6.497572
2020-11-20,6.71758
2020-11-21,6.8328223
2020-11-22,6.9061584
2020-11-23,6.9878755
2020-11-24,7.105213
2020-11-25,7.264457
2020-11-26,7.3273168
2020-11-27,7.295887
2020-11-28,7.2455993
2020-11-29,7.191121
2020-11-30,7.1617866
2020-12-01,7.138738
2020-12-02,7.050735
2020-12-03,6.895682
2020-12-04,6.71758
2020-12-05,6.805583
2020-12-06,6.8873005
2020-12-07,6.725961
2020-12-08,6.5897655
2020-12-09,6.5918612
2020-12-10,6.6966267
2020-12-11,6.7678676
2020-12-12,6.7532005
2020-12-13,6.738533
2020-12-14,6.9082537
2020-12-15,7.0004473
2020-12-16,7.08426
2020-12-17,7.155501
2020-12-18,7.230932
2020-12-19,7.3796997
2020-12-20,7.5787544
2020-12-21,7.7044735
2020-12-22,7.8511453
2020-12-23,8.0502
2020-12-24,8.305829
2020-12-25,8.60965
2020-12-26,8.71232
2020-12-27,8.856896
2020-12-28,9.156527
2020-12-29,9.506444
2020-12-30,9.759977
2020-12-31,9.935984
2021-01-01,10.21047
2021-01-02,10.642105
2021-01-03,10.960593
2021-01-04,11.256032
2021-01-05,11.442515
2021-01-06,11.8071
2021-01-07,12.353977
2021-01-08,12.884092
2021-01-09,13.36811
2021-01-10,13.881462
2021-01-11,14.424149
2021-01-12,15.191034
2021-01-13,15.920203
2021-01-14,16.643087
2021-01-15,17.257015
2021-01-16,17.860466
2021-01-17,18.4262
2021-01-18,19.105082
2021-01-19,19.499002
2021-01-20,19.82168
2021-01-21,20.175789
2021-01-22,20.335032
2021-01-23,20.347605
2021-01-24,20.372747
2021-01-25,20.104548
2021-01-26,19.851015
2021-01-27,19.566051
2021-01-28,18.906027
2021-01-29,18.59173
2021-01-30,18.334007
2021-01-31,17.96104
2021-02-01,17.412067
2021-02-02,16.898716
2021-02-03,16.35603
2021-02-04,15.916013
2021-02-05,15.379612
2021-02-06,14.545677
2021-02-07,13.944322
2021-02-08,13.445637
2021-02-09,12.93857
2021-02-10,12.46922
2021-02-11,11.964249
2021-02-12,11.40899
2021-02-13,11.092598
2021-02-14,10.602294
2021-02-15,10.181136
2021-02-16,9.866838
2021-02-17,9.5211115
2021-02-18,9.200528
2021-02-19,8.766798
2021-02-20,8.444119
2021-02-21,8.096297
2021-02-22,7.815525
2021-02-23,7.41532
2021-02-24,6.9208255
2021-02-25,6.524811
2021-02-26,6.2356577
2021-02-27,5.887835
2021-02-28,5.540013
2021-03-01,5.2382874
2021-03-02,4.9638014
2021-03-03,4.7919855
2021-03-04,4.5070224
2021-03-05,4.196916
2021-03-06,3.943383
2021-03-07,3.7736623
2021-03-08,3.5662262
2021-03-09,3.392315
2021-03-10,3.1848788
2021-03-11,3.0612552
2021-03-12,2.9418223
2021-03-13,2.814008
2021-03-14,2.6317158
2021-03-15,2.4766624
2021-03-16,2.3530388
2021-03-17,2.2315104
2021-03-18,2.0848384
2021-03-19,2.0135977
2021-03-20,1.8606397
2021-03-21,1.7956849
2021-03-22,1.7244443
2021-03-23,1.7013958
2021-03-24,1.6343458
2021-03-25,1.5945348
2021-03-26,1.4751018
2021-03-27,1.4311001
2021-03-28,1.370336
2021-03-29,1.2949047
2021-03-30,1.1335654
2021-03-31,1.0581341
2021-04-01,0.9764168
2021-04-02,0.98270273
2021-04-03,0.9491777
2021-04-04,0.89679486
2021-04-05,0.8486026
2021-04-06,0.85488856
2021-04-07,0.80041033
2021-04-08,0.77736187
2021-04-09,0.72078836
2021-04-10,0.71659774
2021-04-11,0.69145393
2021-04-12,0.6935493
2021-04-13,0.6684055
2021-04-14,0.65373826
2021-04-15,0.65792894
2021-04-16,0.6348804
2021-04-17,0.5971648
2021-04-18,0.5845929
2021-04-19,0.5824976
2021-04-20,0.5615444
2021-04-21,0.52801937
2021-04-22,0.5028756
2021-04-23,0.5049709
2021-04-24,0.48401776
2021-04-25,0.47773182
2021-04-26,0.44001615
2021-04-27,0.4316349
2021-04-28,0.4295396
2021-04-29,0.40858644
2021-04-30,0.3771567
2021-05-01,0.34363165
2021-05-02,0.31639257
2021-05-03,0.29963005
2021-05-04,0.28286752
2021-05-05,0.27448627
2021-05-06,0.25353312
2021-05-07,0.25562844
2021-05-08,0.25562844
2021-05-09,0.25981906
2021-05-10,0.2682003
2021-05-11,0.2514378
2021-05-12,0.23257996
2021-05-13,0.24515186
2021-05-14,0.23048465
2021-05-15,0.22629403
2021-05-16,0.21791276
2021-05-17,0.20743619
2021-05-18,0.21372214
2021-05-19,0.22419871
2021-05-20,0.20324555
2021-05-21,0.18019709
2021-05-22,0.16343457
2021-05-23,0.17181583
2021-05-24,0.14876737
2021-05-25,0.15295799
2021-05-26,0.15924394
2021-05-27,0.15924394
2021-05-28,0.18019709
2021-05-29,0.1822924
2021-05-30,0.17391114
2021-05-31,0.19067366
2021-06-01,0.17600647
2021-06-02,0.16552989
2021-06-03,0.16343457
2021-06-04,0.15924394
2021-06-05,0.17600647
2021-06-06,0.17600647
2021-06-07,0.16552989
2021-06-08,0.17391114
2021-06-09,0.16343457
2021-06-10,0.17391114
2021-06-11,0.18438773
2021-06-12,0.18438773
2021-06-13,0.1822924
2021-06-14,0.19276898
2021-06-15,0.19067366
2021-06-16,0.20534088
2021-06-17,0.21791276
2021-06-18,0.21581745
2021-06-19,0.20115024
2021-06-20,0.2095315
2021-06-21,0.22629403
2021-06-22,0.24724717
2021-06-23,0.24724717
2021-06-24,0.24096122
2021-06-25,0.22629403
2021-06-26,0.2682003
2021-06-27,0.2786769
2021-06-28,0.27239096
2021-06-29,0.2765816
2021-06-30,0.28705814
2021-07-01,0.29963005
2021-07-02,0.3352504
2021-07-03,0.3331551
2021-07-04,0.35201293
2021-07-05,0.38134733
2021-07-06,0.39391923
2021-07-07,0.41277707
2021-07-08,0.43582553
2021-07-09,0.45468336
2021-07-10,0.48401776
2021-07-11,0.5301147
2021-07-12,0.55944914
2021-07-13,0.56992567
2021-07-14,0.60135543
2021-07-15,0.63278514
2021-07-16,0.65792894
2021-07-17,0.6830727
2021-07-18,0.6872633
2021-07-19,0.71659774
2021-07-20,0.79412436
2021-07-21,0.88841355
2021-07-22,0.9261292
2021-07-23,0.9533683
2021-07-24,1.0204184
2021-07-25,1.0790873
2021-07-26,1.0979451
2021-07-27,1.1000404
2021-07-28,1.0832778
2021-07-29,1.1000404
2021-07-30,1.1503279
2021-07-31,1.1545186
2021-08-01,1.2006155
2021-08-02,1.2488078
2021-08-03,1.2990953
2021-08-04,1.3263344
2021-08-05,1.3347157
2021-08-06,1.3514782
2021-08-07,1.3787173
2021-08-08,1.36405
2021-08-09,1.3954798
2021-08-10,1.3661454
2021-08-11,1.3493829
2021-08-12,1.3598595
2021-08-13,1.3514782
2021-08-14,1.3619548
2021-08-15,1.3619548
2021-08-16,1.3556688
2021-08-17,1.3724314
2021-08-18,1.3829079
2021-08-19,1.4185283
2021-08-20,1.4667205
2021-08-21,1.4855783
2021-08-22,1.5463425
2021-08-23,1.5735816
2021-08-24,1.6511083
2021-08-25,1.716063
2021-08-26,1.749588
2021-08-27,1.7391114
2021-08-28,1.7600646
2021-08-29,1.7852083
2021-08-30,1.822924
2021-08-31,1.8459725
2021-09-01,1.8208288
2021-09-02,1.8417819
2021-09-03,1.8815929
2021-09-04,1.9046414
2021-09-05,1.9297851
2021-09-06,1.9528337
2021-09-07,2.0031211
2021-09-08,2.1057916
2021-09-09,2.1833181
2021-09-10,2.2210338
2021-09-11,2.313228
2021-09-12,2.3111324
2021-09-13,2.3111324
2021-09-14,2.2650356
2021-09-15,2.1833181
2021-09-16,2.1937947
2021-09-17,2.2461777
2021-09-18,2.208462
2021-09-19,2.2797027
2021-09-20,2.2629402
2021-09-21,2.254559
2021-09-22,2.340467
2021-09-23,2.2755122
2021-09-24,2.254559
2021-09-25,2.22732
2021-09-26,2.1330307
2021-09-27,2.1120775
2021-09-28,2.0575993
2021-09-29,1.9905493
2021-09-30,1.9528337
2021-10-01,1.9172132
2021-10-02,1.875307
2021-10-03,1.875307
2021-10-04,1.8543538
2021-10-05,1.8438772
2021-10-06,1.8145428
2021-10-07,1.8438772
2021-10-08,1.7873037
2021-10-09,1.7956849
2021-10-10,1.7600646
2021-10-11,1.7684458
2021-10-12,1.7852083
2021-10-13,1.8375913
2021-10-14,1.8396866
2021-10-15,1.8878788
2021-10-16,1.9465476
2021-10-17,1.9842633
2021-10-18,2.0450275
2021-10-19,2.101601
2021-10-20,2.1036963
2021-10-21,2.1162682
2021-10-22,2.1518886
2021-10-23,2.1581745
2021-10-24,2.1791277
2021-10-25,2.2252245
2021-10-26,2.2797027
2021-10-27,2.3006558
2021-10-28,2.3760872
2021-10-29,2.4242795
2021-10-30,2.4976156
2021-10-31,2.5709515
2021-11-01,2.5562844
2021-11-02,2.614953
2021-11-03,2.700861
2021-11-04,2.673622
2021-11-05,2.6882892
2021-11-06,2.6254296
2021-11-07,2.5856187
2021-11-08,2.5960953
2021-11-09,2.5227592
2021-11-10,2.4619951
2021-11-11,2.4452326
2021-11-12,2.4117076
2021-11-13,2.3886592
2021-11-14,2.3446574
2021-11-15,2.3069417
2021-11-16,2.2524636
2021-11-17,2.2734168
2021-11-18,2.2922747
2021-11-19,2.2063668
2021-11-20,2.1497931
2021-11-21,2.1435072
2021-11-22,2.1246495
2021-11-23,2.0974104
2021-11-24,2.0135977
2021-11-25,1.9779774
2021-11-26,1.9695961
2021-11-27,1.9905493
2021-11-28,1.9695961
2021-11-29,1.9297851
2021-11-30,1.975882
2021-12-01,2.0031211
2021-12-02,1.9465476
2021-12-03,1.9779774
2021-12-04,1.9402617
2021-12-05,1.9716915
2021-12-06,2.0513134
2021-12-07,1.9968352
2021-12-08,1.9947399
2021-12-09,2.0135977
2021-12-10,2.0031211
2021-12-11,2.021979
2021-12-12,1.9695961
2021-12-13,1.8585445
2021-12-14,1.9004507
2021-12-15,1.835496
2021-12-16,1.875307
2021-12-17,1.8459725
2021-12-18,1.8166381
2021-12-19,1.835496
2021-12-20,1.8313054
2021-12-21,1.7852083
2021-12-22,1.8313054
2021-12-23,1.749588
2021-12-24,1.7852083
2021-12-25,1.8208288
2021-12-26,1.7914944
2021-12-27,1.7998756
2021-12-28,1.801971
2021-12-29,1.7998756
2021-12-30,1.9067366
2021-12-31,1.8983554
2022-01-01,1.9842633
2022-01-02,2.0638852
2022-01-03,2.2000809
2022-01-04,2.313228
2022-01-05,2.407517
2022-01-06,2.49552
2022-01-07,2.600286
2022-01-08,2.6966705
2022-01-09,2.8496284
2022-01-10,2.9313457
2022-01-11,3.0780177
2022-01-12,3.2163086
2022-01-13,3.2749774
2022-01-14,3.3944104
2022-01-15,3.438412
2022-01-16,3.4530792
2022-01-17,3.545273
2022-01-18,3.578798
2022-01-19,3.5536542
2022-01-20,3.5557497
2022-01-21,3.518034
2022-01-22,3.4300306
2022-01-23,3.4572697
2022-01-24,3.3839338
2022-01-25,3.3043118
2022-01-26,3.2980258
2022-01-27,3.2142131
2022-01-28,3.1618304
2022-01-29,3.2016413
2022-01-30,3.1052568
2022-01-31,3.0151584
2022-02-01,2.9564896
2022-02-02,2.9103925
2022-02-03,2.939727
2022-02-04,2.9229646
2022-02-05,2.8622003
2022-02-06,2.774197
2022-02-07,2.7553391
2022-02-08,2.6882892
2022-02-09,2.547903
2022-02-10,2.4452326
2022-02-11,2.3530388
2022-02-12,2.2126527
2022-02-13,2.1728418
2022-02-14,2.114173
2022-02-15,2.0492182
2022-02-16,2.0869339
2022-02-17,2.034551
2022-02-18,2.0115025
2022-02-19,2.0115025
2022-02-20,1.9842633
2022-02-21,1.9381664
2022-02-22,1.9381664
2022-02-23,1.8375913
2022-02-24,1.8103522
2022-02-25,1.7810178
2022-02-26,1.7873037
2022-02-27,1.7705412
2022-02-28,1.7307302
2022-03-01,1.7139677
2022-03-02,1.7034911
2022-03-03,1.6741567
2022-03-04,1.7307302
2022-03-05,1.6846333
2022-03-06,1.6678708
2022-03-07,1.6636801
2022-03-08,1.6133926
2022-03-09,1.6511083
2022-03-10,1.6783473
2022-03-11,1.5945348
2022-03-12,1.6133926
2022-03-13,1.6301551
2022-03-14,1.676252
2022-03-15,1.7118723
2022-03-16,1.749588
2022-03-17,1.755874
2022-03-18,1.8396866
2022-03-19,1.8857836
2022-03-20,1.9926445
2022-03-21,2.0806477
2022-03-22,2.2126527
2022-03-23,2.2587495
2022-03-24,2.3530388
2022-03-25,2.3781826
2022-03-26,2.441042
2022-03-27,2.4640903
2022-03-28,2.4578044
2022-03-29,2.426375
2022-03-30,2.4557092
2022-03-31,2.5164733
2022-04-01,2.5646656
2022-04-02,2.6191437
2022-04-03,2.6652408
2022-04-04,2.7281
2022-04-05,2.786769
2022-04-06,2.7909596
2022-04-07,2.8035314
2022-04-08,2.8349612
2022-04-09,2.9166784
2022-04-10,2.9879193
2022-04-11,2.9481082
2022-04-12,2.9669662
2022-04-13,2.979538
2022-04-14,2.973252
2022-04-15,3.0277302
2022-04-16,2.946013
2022-04-17,2.807722
2022-04-18,2.7888644
2022-04-19,2.7155282
2022-04-20,2.6924798
2022-04-21,2.6086671
2022-04-22,2.480853
2022-04-23,2.4179935
2022-04-24,2.382373
2022-04-25,2.3446574
2022-04-26,2.2797027
2022-04-27,2.1854136
2022-04-28,2.114173
2022-04-29,2.0596948
2022-04-30,1.9926445
2022-05-01,1.8941648
2022-05-02,1.8124475
2022-05-03,1.7747319
2022-05-04,1.7349209
2022-05-05,1.6972052
2022-05-06,1.602916
2022-05-07,1.5128175
2022-05-08,1.4918643
2022-05-09,1.4834831
2022-05-10,1.4248142
2022-05-11,1.3682407
2022-05-12,1.3556688
2022-05-13,1.3326204
2022-05-14,1.2949047
2022-05-15,1.2404265
2022-05-16,1.1628999
2022-05-17,1.1377561
2022-05-18,1.1021357
2022-05-19,1.0413716
2022-05-20,0.97222614
2022-05-21,0.92403394
2022-05-22,0.92403394
2022-05-23,0.88841355
2022-05-24,0.8590792
2022-05-25,0.8527932
2022-05-26,0.8087916
2022-05-27,0.78364784
2022-05-28,0.7815525
2022-05-29,0.724979
2022-05-30,0.6935493
2022-05-31,0.63278514
2022-06-01,0.60764134
2022-06-02,0.60764134
2022-06-03,0.5887835
2022-06-04,0.5929741
2022-06-05,0.5573538
2022-06-06,0.56573504
2022-06-07,0.56573504
2022-06-08,0.54897255
2022-06-09,0.5112569
2022-06-10,0.54897255
2022-06-11,0.50706625
2022-06-12,0.5405913
2022-06-13,0.52801937
2022-06-14,0.55525845
2022-06-15,0.5510678
2022-06-16,0.5573538
2022-06-17,0.5615444
2022-06-18,0.6244039
2022-06-19,0.6264992
2022-06-20,0.651643
2022-06-21,0.6600242
2022-06-22,0.67469144
2022-06-23,0.72078836
2022-06-24,0.7794572
2022-06-25,0.78993374
2022-06-26,0.7962197
2022-06-27,0.8527932
2022-06-28,0.89889014
2022-06-29,0.9324152
2022-06-30,0.9617496
2022-07-01,0.98270273
2022-07-02,1.0099418
2022-07-03,1.0748966
2022-07-04,1.1147076
2022-07-05,1.1147076
2022-07-06,1.1712811
2022-07-07,1.2341405
2022-07-08,1.303286
2022-07-09,1.3598595
2022-07-10,1.4227189
2022-07-11,1.4625299
2022-07-12,1.5610096
2022-07-13,1.6385363
2022-07-14,1.7474927
2022-07-15,1.7873037
2022-07-16,1.8375913
2022-07-17,1.82921
2022-07-18,1.8564491
2022-07-19,1.9465476
2022-07-20,1.9444523
2022-07-21,2.0932198
2022-07-22,2.2105575
2022-07-23,2.2105575
2022-07-24,2.235701
2022-07-25,2.2461777
2022-07-26,2.1896043
2022-07-27,2.1623652
2022-07-28,1.9423571
2022-07-29,1.7831131
2022-07-30,1.7831131
2022-07-31,1.7852083
2022-08-01,1.6804427
2022-08-02,1.6092019
2022-08-03,1.5652003
2022-08-04,1.5274847
2022-08-05,1.5107222
2022-08-06,1.4248142
2022-08-07,1.3598595
2022-08-08,1.3347157
2022-08-09,1.3389063
2022-08-10,1.3535736
2022-08-11,1.3284297
2022-08-12,1.263475
2022-08-13,1.290714
2022-08-14,1.3326204
2022-08-15,1.3891939
2022-08-16,1.3682407
2022-08-17,1.3451922
2022-08-18,1.3053813
2022-08-19,1.263475
2022-08-20,1.1901389
2022-08-21,1.1105169
2022-08-22,1.0769919
2022-08-23,1.0162278
2022-08-24,0.96594024
2022-08-25,0.98060745
2022-08-26,0.97222614
2022-08-27,0.9428918
2022-08-28,0.8905089
2022-08-29,0.8527932
2022-08-30,0.8527932
2022-08-31,0.82974476
2022-09-01,0.75640875
2022-09-02,0.80460095
2022-09-03,0.79412436
2022-09-04,0.8025057
2022-09-05,0.79412436
2022-09-06,0.7605994
2022-09-07,0.7291696
2022-09-08,0.7228837
2022-09-09,0.6935493
2022-09-10,0.69983524
2022-09-11,0.67888206
2022-09-12,0.6663102
2022-09-13,0.63697577
2022-09-14,0.645357
2022-09-15,0.6663102
2022-09-16,0.63278514
2022-09-17,0.63697577
2022-09-18,0.6390711
2022-09-19,0.62230855
2022-09-20,0.6411664
2022-09-21,0.65373826
2022-09-22,0.65373826
2022-09-23,0.63697577
2022-09-24,0.6390711
2022-09-25,0.6705008
2022-09-26,0.68935865
2022-09-27,0.69145393
2022-09-28,0.7270743
2022-09-29,0.76479
2022-09-30,0.8171729
2022-10-01,0.8527932
2022-10-02,0.87374634
2022-10-03,0.94079643
2022-10-04,0.9889887
2022-10-05,1.0246091
2022-10-06,1.0748966
2022-10-07,1.1524233
2022-10-08,1.2152827
2022-10-09,1.2928094
2022-10-10,1.3158579
2022-10-11,1.3933845
2022-10-12,1.4143376
2022-10-13,1.4520533
2022-10-14,1.5107222
2022-10-15,1.5421518
2022-10-16,1.5735816
2022-10-17,1.6092019
2022-10-18,1.6217738
2022-10-19,1.6720614
2022-10-20,1.6699661
2022-10-21,1.6154879
2022-10-22,1.6385363
2022-10-23,1.6301551
2022-10-24,1.636441
2022-10-25,1.6280597
2022-10-26,1.6050113
2022-10-27,1.6217738
2022-10-28,1.602916
2022-10-29,1.5693909
2022-10-30,1.5191034
2022-10-31,1.4876736
2022-11-01,1.477197
2022-11-02,1.4290048
2022-11-03,1.3619548
2022-11-04,1.336811
2022-11-05,1.2886187
2022-11-06,1.3095719
2022-11-07,1.2718562
2022-11-08,1.1880436
2022-11-09,1.1754718
2022-11-10,1.1335654
2022-11-11,1.1000404
2022-11-12,1.0392762
2022-11-13,0.98689336
2022-11-14,0.917748
2022-11-15,0.91355735
2022-11-16,0.88212764
2022-11-17,0.88631827
2022-11-18,0.8653651
2022-11-19,0.8653651
2022-11-20,0.8339354
2022-11-21,0.86117446
2022-11-22,0.87374634
2022-11-23,0.85488856
2022-11-24,0.838126
2022-11-25,0.8506979
2022-11-26,0.84441197
2022-11-27,0.8108869
2022-11-28,0.78993374
2022-11-29,0.77736187
2022-11-30,0.79412436
2022-12-01,0.78364784
2022-12-02,0.75640875
2022-12-03,0.76269466
2022-12-04,0.78364784
2022-12-05,0.80041033
2022-12-06,0.78364784
2022-12-07,0.78993374
2022-12-08,0.8339354
2022-12-09,0.8695557
2022-12-10,0.90308076
2022-12-11,0.9428918
2022-12-12,0.97013086
2022-12-13,1.0183231
2022-12-14,1.030895
2022-12-15,1.0141325
2022-12-16,1.0832778
2022-12-17,1.0581341
2022-12-18,1.0937544
2022-12-19,1.1398513
2022-12-20,1.2006155
2022-12-21,1.2949047
2022-12-22,1.3912891
2022-12-23,1.4185283
2022-12-24,1.5337706
2022-12-25,1.5987253
2022-12-26,1.7097771
2022-12-27,1.7747319
2022-12-28,1.8040662
2022-12-29,1.8648304
2022-12-30,1.915118
2022-12-31,1.9549289
2023-01-01,2.034551
2023-01-02,2.0450275
2023-01-03,2.0450275
2023-01-04,2.0450275
2023-01-05,2.0387416
2023-01-06,2.0513134
2023-01-07,2.0785525
2023-01-08,1.9926445
2023-01-09,1.9318805
2023-01-10,1.9193085
2023-01-11,1.9276898
2023-01-12,1.8794975
2023-01-13,1.789399
2023-01-14,1.7328255
2023-01-15,1.7118723
2023-01-16,1.6741567
2023-01-17,1.6511083
2023-01-18,1.602916
2023-01-19,1.5547237
2023-01-20,1.5463425
2023-01-21,1.4730065
2023-01-22,1.4227189
2023-01-23,1.36405
2023-01-24,1.2865235
2023-01-25,1.2152827
2023-01-26,1.1943296
2023-01-27,1.1398513
2023-01-28,1.1147076
2023-01-29,1.1084217
2023-01-30,1.104231
2023-01-31,1.104231
2023-02-01,1.0728012
2023-02-02,1.030895
2023-02-03,1.0413716
2023-02-04,1.0497528
2023-02-05,1.0329903
2023-02-06,1.0183231
2023-02-07,1.0099418
2023-02-08,1.0015606
2023-02-09,1.0099418
2023-02-10,1.0099418
2023-02-11,0.9847981
2023-02-12,0.99527466
2023-02-13,0.9847981
2023-02-14,0.9785121
2023-02-15,0.97222614
2023-02-16,0.99736995
2023-02-17,0.99527466
2023-02-18,1.0204184
2023-02-19,1.0371809
2023-02-20,1.0728012
2023-02-21,1.0518482
2023-02-22,1.1063263
2023-02-23,1.0686107
2023-02-24,1.0958498
2023-02-25,1.0937544
2023-02-26,1.0874685
2023-02-27,1.0853732
2023-02-28,1.1377561
2023-03-01,1.1356608
2023-03-02,1.1628999
2023-03-03,1.1608045
2023-03-04,1.2194734
2023-03-05,1.2194734
2023-03-06,1.2676656
2023-03-07,1.2928094
2023-03-08,1.3179531
2023-03-09,1.3577641
2023-03-10,1.3870986
2023-03-11,1.3682407
2023-03-12,1.3933845
2023-03-13,1.3933845
2023-03-14,1.403861
2023-03-15,1.4143376
2023-03-16,1.416433
2023-03-17,1.4352908
2023-03-18,1.456244
2023-03-19,1.4939597
2023-03-20,1.4918643
2023-03-21,1.4688158
2023-03-22,1.4688158
2023-03-23,1.5400566
2023-03-24,1.5337706
2023-03-25,1.5421518
2023-03-26,1.5484378
2023-03-27,1.5819628
2023-03-28,1.5714862
2023-03-29,1.5756769
2023-03-30,1.5442472
2023-03-31,1.52958
2023-04-01,1.52958
2023-04-02,1.4478626
2023-04-03,1.3661454
2023-04-04,1.3493829
2023-04-05,1.3263344
2023-04-06,1.297
2023-04-07,1.2362359
2023-04-08,1.2278546
2023-04-09,1.2676656
2023-04-10,1.2844281
2023-04-11,1.2676656
2023-04-12,1.2404265
2023-04-13,1.1901389
2023-04-14,1.2089968
2023-04-15,1.1817577
2023-04-16,1.1524233
2023-04-17,1.1230888
2023-04-18,1.1419467
2023-04-19,1.1230888
2023-04-20,1.1063263
2023-04-21,1.1168029
2023-04-22,1.0769919
2023-04-23,1.0895638
2023-04-24,1.0581341
2023-04-25,1.0455621
2023-04-26,1.0120372
2023-04-27,0.9994653
2023-04-28,0.9596543
2023-04-29,0.917748
2023-04-30,0.8506979
2023-05-01,0.84650725
2023-05-02,0.7815525
2023-05-03,0.7857431
2023-05-04,0.7815525
2023-05-05,0.7543134
2023-05-06,0.75850403
2023-05-07,0.74174154
2023-05-08,0.7291696
2023-05-09,0.7543134
2023-05-10,0.7270743
2023-05-11,0.67888206
2023-05-12,0.66211957
2023-05-13,0.66421485
2023-05-14,0.6705008
2023-05-15,0.6390711
2023-05-16,0.5887835
2023-05-17,0.57621163
2023-05-18,0.60554606
2023-05-19,0.62230855
2023-05-20,0.5845929
2023-05-21,0.58040226
2023-05-22,0.57621163
2023-05-23,0.5824976
2023-05-24,0.5971648
2023-05-25,0.5573538
2023-05-26,0.5259241
2023-05-27,0.5007803
2023-05-28,0.49449435
2023-05-29,0.50916153
2023-05-30,0.49239904
2023-05-31,0.4609693
2023-06-01,0.46725526
2023-06-02,0.44211146
2023-06-03,0.45677868
2023-06-04,0.4169677
2023-06-05,0.4064911
2023-06-06,0.40858644
2023-06-07,0.4043958
2023-06-08,0.38344264
2023-06-09,0.38763326
2023-06-10,0.37087077
2023-06-11,0.35829887
2023-06-12,0.33944103
2023-06-13,0.34572697
2023-06-14,0.3645848
2023-06-15,0.37087077
2023-06-16,0.38344264
2023-06-17,0.38134733
2023-06-18,0.39182392
2023-06-19,0.3750614
2023-06-20,0.35410824
2023-06-21,0.3331551
2023-06-22,0.31639257
2023-06-23,0.2891535
2023-06-24,0.25981906
2023-06-25,0.24096122
2023-06-26,0.2367706
2023-06-27,0.24096122
2023-06-28,0.21791276
2023-06-29,0.21581745
2023-06-30,0.19695961
2023-07-01,0.20743619
2023-07-02,0.21581745
2023-07-03,0.21581745
2023-07-04,0.20115024
2023-07-05,0.1948643
2023-07-06,0.17810178
2023-07-07,0.18648304
2023-07-08,0.1822924
2023-07-09,0.15714863
2023-07-10,0.14876737
2023-07-11,0.13619548
2023-07-12,0.14457674
2023-07-13,0.14248142
2023-07-14,0.13410015
2023-07-15,0.1403861
2023-07-16,0.13619548
2023-07-17,0.1382908
2023-07-18,0.1382908
2023-07-19,0.13200484
2023-07-20,0.13619548
2023-07-21,0.14667206
2023-07-22,0.12152827
2023-07-23,0.13619548
2023-07-24,0.13200484
2023-07-25,0.1382908
2023-07-26,0.1403861
2023-07-27,0.1403861
2023-07-28,0.14667206
2023-07-29,0.1676252
2023-07-30,0.17600647
2023-07-31,0.18648304
2023-08-01,0.18438773
2023-08-02,0.20115024
2023-08-03,0.21581745
2023-08-04,0.22419871
2023-08-05,0.22210339
2023-08-06,0.21581745
2023-08-07,0.23467529
2023-08-08,0.25562844
2023-08-09,0.24724717
2023-08-10,0.23886591
2023-08-11,0.22629403
2023-08-12,0.27239096
2023-08-13,0.29543942
2023-08-14,0.32686913
2023-08-15,0.33105978
2023-08-16,0.36039418
2023-08-17,0.38134733
2023-08-18,0.4211583
2023-08-19,0.42325363
2023-08-20,0.4316349
2023-08-21,0.45049274
2023-08-22,0.4735412
2023-08-23,0.47982714
2023-08-24,0.49868497
2023-08-25,0.48401776
2023-08-26,0.4714459
2023-08-27,0.47773182
2023-08-28,0.4295396
2023-08-29,0.42534894
2023-08-30,0.40858644
2023-08-31,0.419063
2023-09-01,0.44001615
2023-09-02,0.42534894
2023-09-03,0.41277707
2023-09-04,0.43792084
2023-09-05,0.45049274
2023-09-06,0.4735412
2023-09-07,0.49030373
2023-09-08,0.50706625
2023-09-09,0.5447819
2023-09-10,0.60135543
2023-09-11,0.62021327
2023-09-12,0.6411664
2023-09-13,0.651643
2023-09-14,0.63697577
2023-09-15,0.645357
2023-09-16,0.65373826
2023-09-17,0.6348804
2023-09-18,0.5992601
2023-09-19,0.57621163
2023-09-20,0.5866882
2023-09-21,0.59506947
2023-09-22,0.5824976
2023-09-23,0.5615444
2023-09-24,0.5573538
2023-09-25,0.578307
2023-09-26,0.5866882
2023-09-27,0.5824976
2023-09-28,0.5615444
2023-09-29,0.578307
2023-09-30,0.60764134
2023-10-01,0.60554606
2023-10-02,0.6285945
2023-10-03,0.64954764
2023-10-04,0.6600242
2023-10-05,0.67469144
2023-10-06,0.67469144
2023-10-07,0.6872633
2023-10-08,0.72078836
2023-10-09,0.74802744
2023-10-10,0.75640875
2023-10-11,0.7668853
2023-10-12,0.79412436
2023-10-13,0.8213635
2023-10-14,0.8087916
2023-10-15,0.76269466
2023-10-16,0.7396462
2023-10-17,0.7375509
2023-10-18,0.7228837
2023-10-19,0.73336023
2023-10-20,0.724979
2023-10-21,0.75850403
2023-10-22,0.8129822
2023-10-23,0.7082165
2023-10-24,0.5971648
2023-10-25,0.5049709
2023-10-26,0.38344264
2023-10-27,0.25981906
2023-10-28,0.1257189
2023-10-29,0.0
2023-10-30,0.0
2023-10-31,0.0
2023-11-01,0.0
2023-11-02,0.0
2023-11-03,0.0
2023-11-04,0.0
2023-11-05,0.0
2023-11-06,0.0
2023-11-07,0.0
2023-11-08,0.0
2023-11-09,0.0
2023-11-10,0.0
2023-11-11,0.0
2023-11-12,0.0
2023-11-13,0.0
2023-11-14,0.0
2023-11-15,0.0
2023-11-16,0.0
2023-11-17,0.0
2023-11-18,0.0
2023-11-19,0.0
2023-11-20,0.0
2023-11-21,0.0
2023-11-22,0.0
2023-11-23,0.0
2023-11-24,0.0
2023-11-25,0.0
2023-11-26,0.0
2023-11-27,0.0
2023-11-28,0.0
2023-11-29,0.0
2023-11-30,0.0
2023-12-01,0.0
2023-12-02,0.0
2023-12-03,0.0
2023-12-04,0.0
2023-12-05,0.0
2023-12-06,0.0
2023-12-07,0.0
2023-12-08,0.0
2023-12-09,0.0
2023-12-10,0.0
2023-12-11,0.0
2023-12-12,0.0
2023-12-13,0.0
2023-12-14,0.0
2023-12-15,0.0
2023-12-16,0.0
2023-12-17,0.0
2023-12-18,0.0
2023-12-19,0.0
2023-12-20,0.0
2023-12-21,0.0
2023-12-22,0.0
2023-12-23,0.0
2023-12-24,0.0
2023-12-25,0.0
2023-12-26,0.0
2023-12-27,0.0
2023-12-28,0.0
2023-12-29,0.0
2023-12-30,0.0
2023-12-31,0.0
2024-01-01,0.0
2024-01-02,0.0
2024-01-03,0.0
2024-01-04,0.0
2024-01-05,0.0
2024-01-06,0.0
2024-01-07,0.0
2024-01-08,0.0
2024-01-09,0.0
2024-01-10,0.0
2024-01-11,0.0
2024-01-12,0.0
2024-01-13,0.0
2024-01-14,0.0
2024-01-15,0.0
2024-01-16,0.0
2024-01-17,0.0
2024-01-18,0.0
2024-01-19,0.0
2024-01-20,0.0
2024-01-21,0.0
2024-01-22,0.0
2024-01-23,0.0
2024-01-24,0.0
2024-01-25,0.0
2024-01-26,0.0
2024-01-27,0.0
2024-01-28,0.0
2024-01-29,0.0
2024-01-30,0.0
2024-01-31,0.0
2024-02-01,0.0
2024-02-02,0.0
2024-02-03,0.0
2024-02-04,0.0
2024-02-05,0.0
2024-02-06,0.0
2024-02-07,0.0
2024-02-08,0.0
2024-02-09,0.0
2024-02-10,0.0
2024-02-11,0.0
2024-02-12,0.0
2024-02-13,0.0
2024-02-14,0.0
2024-02-15,0.0
2024-02-16,0.0
2024-02-17,0.0
2024-02-18,0.0
2024-02-19,0.0
2024-02-20,0.0
2024-02-21,0.0
2024-02-22,0.0
2024-02-23,0.0
2024-02-24,0.0
2024-02-25,0.0
2024-02-26,0.0
2024-02-27,0.0
2024-02-28,0.0
2024-02-29,0.0
2024-03-01,0.0
2024-03-02,0.0
2024-03-03,0.0
2024-03-04,0.0
2024-03-05,0.0
2024-03-06,0.0
2024-03-07,0.0
2024-03-08,0.0
2024-03-09,0.0
2024-03-10,0.0
2024-03-11,0.0
2024-03-12,0.0
2024-03-13,0.0
2024-03-14,0.0
2024-03-15,0.0
2024-03-16,0.0
2024-03-17,0.0
2024-03-18,0.0
2024-03-19,0.0
2024-03-20,0.0
2024-03-21,0.0
2024-03-22,0.0
2024-03-23,0.0
2024-03-24,0.0
2024-03-25,0.0
2024-03-26,0.0
2024-03-27,0.0
2024-03-28,0.0
2024-03-29,0.0
2024-03-30,0.0
2024-03-31,0.0
2024-04-01,0.0
2024-04-02,0.0
2024-04-03,0.0
2024-04-04,0.0
2024-04-05,0.0
2024-04-06,0.0
2024-04-07,0.0
2024-04-08,0.0
2024-04-09,0.0
2024-04-10,0.0
2024-04-11,0.0
2024-04-12,0.0
2024-04-13,0.0
2024-04-14,0.0
2024-04-15,0.0
2024-04-16,0.0
2024-04-17,0.0
2024-04-18,0.0
2024-04-19,0.0
2024-04-20,0.0
2024-04-21,0.0
2024-04-22,0.0
2024-04-23,0.0
2024-04-24,0.0
2024-04-25,0.0
2024-04-26,0.0
2024-04-27,0.0
2024-04-28,0.0
2024-04-29,0.0
2024-04-30,0.0
2024-05-01,0.0
2024-05-02,0.0
2024-05-03,0.0
2024-05-04,0.0
2024-05-05,0.0
2024-05-06,0.0
2024-05-07,0.0
2024-05-08,0.0
2024-05-09,0.0
2024-05-10,0.0
2024-05-11,0.0
2024-05-12,0.0
2024-05-13,0.0
2024-05-14,0.0
2024-05-15,0.0
2024-05-16,0.0
2024-05-17,0.0
2024-05-18,0.0
2024-05-19,0.0
2024-05-20,0.0
2024-05-21,0.0
2024-05-22,0.0
2024-05-23,0.0
2024-05-24,0.0
2024-05-25,0.0
2024-05-26,0.0
2024-05-27,0.0
2024-05-28,0.0
2024-05-29,0.0
2024-05-30,0.0
2024-05-31,0.0
2024-06-01,0.0
2024-06-02,0.0
2024-06-03,0.0
2024-06-04,0.0
2024-06-05,0.0
2024-06-06,0.0
2024-06-07,0.0
2024-06-08,0.0
2024-06-09,0.0
2024-06-10,0.0
2024-06-11,0.0
2024-06-12,0.0
2024-06-13,0.0
2024-06-14,0.0
2024-06-15,0.0
2024-06-16,0.0
2024-06-17,0.0
2024-06-18,0.0
2024-06-19,0.0
2024-06-20,0.0
2024-06-21,0.0
2024-06-22,0.0
2024-06-23,0.0
2024-06-24,0.0
2024-06-25,0.0
2024-06-26,0.0
2024-06-27,0.0
2024-06-28,0.0
2024-06-29,0.0
2024-06-30,0.0
2024-07-01,0.0
2024-07-02,0.0
2024-07-03,0.0
2024-07-04,0.0
2024-07-05,0.0
2024-07-06,0.0
2024-07-07,0.0
2024-07-08,0.0
2024-07-09,0.0
2024-07-10,0.0
2024-07-11,0.0
2024-07-12,0.0
2024-07-13,0.0
2024-07-14,0.0
2024-07-15,0.0
2024-07-16,0.0
2024-07-17,0.0
2024-07-18,0.0
2024-07-19,0.0
2024-07-20,0.0
2024-07-21,0.0
2024-07-22,0.0
2024-07-23,0.0
2024-07-24,0.0
2024-07-25,0.0
2024-07-26,0.0
2024-07-27,0.0
2024-07-28,0.0
2024-07-29,0.0
2024-07-30,0.0
2024-07-31,0.0
2024-08-01,0.0
2024-08-02,0.0
2024-08-03,0.0
2024-08-04,0.0
2024-08-05,0.0
2024-08-06,0.0
2024-08-07,0.0
2024-08-08,0.0
2024-08-09,0.0
2024-08-10,0.0
2024-08-11,0.0
2024-08-12,0.0
2024-08-13,0.0
2024-08-14,0.0
2024-08-15,0.0
2024-08-16,0.0
2024-08-17,0.0
2024-08-18,0.0
2024-08-19,0.0
2024-08-20,0.0
2024-08-21,0.0
2024-08-22,0.0
2024-08-23,0.0
2024-08-24,0.0
2024-08-25,0.0
2024-08-26,0.0
2024-08-27,0.0
2024-08-28,0.0
2024-08-29,0.0
2024-08-30,0.0
2024-08-31,0.0
2024-09-01,0.0
2024-09-02,0.0
2024-09-03,0.0
2024-09-04,0.0
2024-09-05,0.0
2024-09-06,0.0
2024-09-07,0.0
2024-09-08,0.0
2024-09-09,0.0
2024-09-10,0.0
2024-09-11,0.0
2024-09-12,0.0
2024-09-13,0.0
2024-09-14,0.0
2024-09-15,0.0
2024-09-16,0.0
2024-09-17,0.0
2024-09-18,0.0
2024-09-19,0.0
2024-09-20,0.0
2024-09-21,0.0
2024-09-22,0.0
2024-09-23,0.0
2024-09-24,0.0
2024-09-25,0.0
2024-09-26,0.0
2024-09-27,0.0
2024-09-28,0.0
2024-09-29,0.0
2024-09-30,0.0
2024-10-01,0.0
2024-10-02,0.0
2024-10-03,0.0
2024-10-04,0.0
2024-10-05,0.0
2024-10-06,0.0
2024-10-07,0.0
2024-10-08,0.0
2024-10-09,0.0
2024-10-10,0.0
2024-10-11,0.0
2024-10-12,0.0
2024-10-13,0.0
2024-10-14,0.0
2024-10-15,0.0
2024-10-16,0.0
2024-10-17,0.0
2024-10-18,0.0
2024-10-19,0.0
2024-10-20,0.0
2024-10-21,0.0
2024-10-22,0.0
2024-10-23,0.0
2024-10-24,0.0
2024-10-25,0.0
2024-10-26,0.0
2024-10-27,0.0
2024-10-28,0.0
2024-10-29,0.0
2024-10-30,0.0
2024-10-31,0.0
2024-11-01,0.0
2024-11-02,0.0
2024-11-03,0.0
2024-11-04,0.0
2024-11-05,0.0
2024-11-06,0.0
2024-11-07,0.0
2024-11-08,0.0
2024-11-09,0.0
2024-11-10,0.0
2024-11-11,0.0
2024-11-12,0.0
2024-11-13,0.0
2024-11-14,0.0
2024-11-15,0.0
2024-11-16,0.0
2024-11-17,0.0
2024-11-18,0.0
2024-11-19,0.0
2024-11-20,0.0
2024-11-21,0.0
2024-11-22,0.0
2024-11-23,0.0
2024-11-24,0.0
2024-11-25,0.0
2024-11-26,0.0
2024-11-27,0.0
2024-11-28,0.0
2024-11-29,0.0
2024-11-30,0.0
2024-12-01,0.0
2024-12-02,0.0
2024-12-03,0.0
2024-12-04,0.0
2024-12-05,0.0
2024-12-06,0.0
2024-12-07,0.0
2024-12-08,0.0
2024-12-09,0.0
2024-12-10,0.0
2024-12-11,0.0
2024-12-12,0.0
2024-12-13,0.0
2024-12-14,0.0
2024-12-15,0.0
2024-12-16,0.0
2024-12-17,0.0
2024-12-18,0.0
2024-12-19,0.0
2024-12-20,0.0
2024-12-21,0.0
2024-12-22,0.0
2024-12-23,0.0
2024-12-24,0.0
2024-12-25,0.0
2024-12-26,0.0
2024-12-27,0.0
2024-12-28,0.0
2024-12-29,0.0
2024-12-30,0.0
2024-12-31,0.0
2025-01-01,0.0
2025-01-02,0.0
2025-01-03,0.0
2025-01-04,0.0
2025-01-05,0.0
2025-01-06,0.0
2025-01-07,0.0
2025-01-08,0.0
2025-01-09,0.0
2025-01-10,0.0
2025-01-11,0.0
2025-01-12,0.0
2025-01-13,0.0
2025-01-14,0.0
2025-01-15,0.0
2025-01-16,0.0
2025-01-17,0.0
2025-01-18,0.0
2025-01-19,0.0
2025-01-20,0.0
2025-01-21,0.0
2025-01-22,0.0
2025-01-23,0.0
2025-01-24,0.0
2025-01-25,0.0
2025-01-26,0.0
2025-01-27,0.0
2025-01-28,0.0
2025-01-29,0.0
2025-01-30,0.0
2025-01-31,0.0
2025-02-01,0.0
2025-02-02,0.0
2025-02-03,0.0
2025-02-04,0.0
2025-02-05,0.0
2025-02-06,0.0
2025-02-07,0.0
2025-02-08,0.0
2025-02-09,0.0
2025-02-10,0.0
2025-02-11,0.0
2025-02-12,0.0
2025-02-13,0.0
2025-02-14,0.0
2025-02-15,0.0
2025-02-16,0.0
2025-02-17,0.0
2025-02-18,0.0
2025-02-19,0.0
2025-02-20,0.0
2025-02-21,0.0
2025-02-22,0.0
2025-02-23,0.0
2025-02-24,0.0
2025-02-25,0.0
2025-02-26,0.0
2025-02-27,0.0
2025-02-28,0.0
2025-03-01,0.0
2025-03-02,0.0
2025-03-03,0.0
2025-03-04,0.0
2025-03-05,0.0
2025-03-06,0.0
2025-03-07,0.0
2025-03-08,0.0
2025-03-09,0.0
2025-03-10,0.0
2025-03-11,0.0
2025-03-12,0.0
2025-03-13,0.0
2025-03-14,0.0
2025-03-15,0.0
2025-03-16,0.0
2025-03-17,0.0
2025-03-18,0.0
2025-03-19,0.0
2025-03-20,0.0
2025-03-21,0.0
2025-03-22,0.0
2025-03-23,0.0
2025-03-24,0.0
2025-03-25,0.0
2025-03-26,0.0
2025-03-27,0.0
2025-03-28,0.0
2025-03-29,0.0
2025-03-30,0.0
2025-03-31,0.0
2025-04-01,0.0
2025-04-02,0.0
2025-04-03,0.0
2025-04-04,0.0
2025-04-05,0.0
2025-04-06,0.0
2025-04-07,0.0
2025-04-08,0.0
2025-04-09,0.0
2025-04-10,0.0
2025-04-11,0.0
2025-04-12,0.0
2025-04-13,0.0
2025-04-14,0.0
2025-04-15,0.0
2025-04-16,0.0
2025-04-17,0.0
2025-04-18,0.0
2025-04-19,0.0
2025-04-20,0.0
2025-04-21,0.0
2025-04-22,0.0
2025-04-23,0.0
2025-04-24,0.0
2025-04-25,0.0
2025-04-26,0.0
2025-04-27,0.0
2025-04-28,0.0
2025-04-29,0.0
2025-04-30,0.0
2025-05-01,0.0
2025-05-02,0.0
2025-05-03,0.0
2025-05-04,0.0
2025-05-05,0.0
2025-05-06,0.0
2025-05-07,0.0
2025-05-08,0.0
2025-05-09,0.0
2025-05-10,0.0
2025-05-11,0.0
2025-05-12,0.0
2025-05-13,0.0
2025-05-14,0.0
2025-05-15,0.0
2025-05-16,0.0
2025-05-17,0.0
2025-05-18,0.0
2025-05-19,0.0
2025-05-20,0.0
2025-05-21,0.0
2025-05-22,0.0
2025-05-23,0.0
2025-05-24,0.0
2025-05-25,0.0
2025-05-26,0.0
2025-05-27,0.0
2025-05-28,0.0
2025-05-29,0.0
2025-05-30,0.0
2025-05-31,0.0
2025-06-01,0.0
2025-06-02,0.0
2025-06-03,0.0
2025-06-04,0.0
2025-06-05,0.0
2025-06-06,0.0
2025-06-07,0.0
2025-06-08,0.0
2025-06-09,0.0
2025-06-10,0.0
2025-06-11,0.0
2025-06-12,0.0
2025-06-13,0.0
2025-06-14,0.0
2025-06-15,0.0
2025-06-16,0.0
2025-06-17,0.0
2025-06-18,0.0
2025-06-19,0.0
2025-06-20,0.0
2025-06-21,0.0
2025-06-22,0.0
2025-06-23,0.0
2025-06-24,0.0
2025-06-25,0.0
2025-06-26,0.0
2025-06-27,0.0
2025-06-28,0.0
2025-06-29,0.0
2025-06-30,0.0
2025-07-01,0.0
2025-07-02,0.0
2025-07-03,0.0
2025-07-04,0.0
2025-07-05,0.0
2025-07-06,0.0
2025-07-07,0.0
2025-07-08,0.0
2025-07-09,0.0
2025-07-10,0.0
2025-07-11,0.0
2025-07-12,0.0
2025-07-13,0.0
2025-07-14,0.0
2025-07-15,0.0
2025-07-16,0.0
2025-07-17,0.0
2025-07-18,0.0
2025-07-19,0.0
2025-07-20,0.0
2025-07-21,0.0
2025-07-22,0.0
2025-07-23,0.0
2025-07-24,0.0
2025-07-25,0.0
2025-07-26,0.0
2025-07-27,0.0
2025-07-28,0.0
2025-07-29,0.0
2025-07-30,0.0
2025-07-31,0.0
2025-08-01,0.0
2025-08-02,0.0
2025-08-03,0.0
2025-08-04,0.0
2025-08-05,0.0
2025-08-06,0.0
2025-08-07,0.0
2025-08-08,0.0
2025-08-09,0.0
2025-08-10,0.0
2025-08-11,0.0
2025-08-12,0.0
2025-08-13,0.0
2025-08-14,0.0
2025-08-15,0.0
2025-08-16,0.0
2025-08-17,0.0
2025-08-18,0.0
2025-08-19,0.0
2025-08-20,0.0
2025-08-21,0.0
2025-08-22,0.0
2025-08-23,0.0
2025-08-24,0.0
2025-08-25,0.0
2025-08-26,0.0
2025-08-27,0.0
2025-08-28,0.0
2025-08-29,0.0
2025-08-30,0.0
2025-08-31,0.0
2025-09-01,0.0
2025-09-02,0.0
2025-09-03,0.0
2025-09-04,0.0
2025-09-05,0.0
2025-09-06,0.0
2025-09-07,0.0
2025-09-08,0.0
2025-09-09,0.0
2025-09-10,0.0
2025-09-11,0.0
2025-09-12,0.0
2025-09-13,0.0
2025-09-14,0.0
2025-09-15,0.0
2025-09-16,0.0
2025-09-17,0.0
2025-09-18,0.0
2025-09-19,0.0
2025-09-20,0.0
2025-09-21,0.0
2025-09-22,0.0
2025-09-23,0.0
2025-09-24,0.0
2025-09-25,0.0
2025-09-26,0.0
2025-09-27,0.0
2025-09-28,0.0
2025-09-29,0.0
2025-09-30,0.0
2025-10-01,0.0
2025-10-02,0.0
2025-10-03,0.0
2025-10-04,0.0
2025-10-05,0.0
2025-10-06,0.0
2025-10-07,0.0
2025-10-08,0.0
2025-10-09,0.0
2025-10-10,0.0
2025-10-11,0.0
2025-10-12,0.0
2025-10-13,0.0
2025-10-14,0.0
2025-10-15,0.0
2025-10-16,0.0
2025-10-17,0.0
2025-10-18,0.0
2025-10-19,0.0
2025-10-20,0.0
2025-10-21,0.0
2025-10-22,0.0
2025-10-23,0.0
2025-10-24,0.0
2025-10-25,0.0
2025-10-26,0.0
2025-10-27,0.0
2025-10-28,0.0
2025-10-29,0.0
2025-10-30,0.0
2025-10-31,0.0
2025-11-01,0.0
2025-11-02,0.0
2025-11-03,0.0
2025-11-04,0.0
2025-11-05,0.0
2025-11-06,0.0
2025-11-07,0.0
2025-11-08,0.0
2025-11-09,0.0
2025-11-10,0.0
2025-11-11,0.0
2025-11-12,0.0
2025-11-13,0.0
2025-11-14,0.0
2025-11-15,0.0
2025-11-16,0.0
2025-11-17,0.0
2025-11-18,0.0
2025-11-19,0.0
2025-11-20,0.0
2025-11-21,0.0
2025-11-22,0.0
2025-11-23,0.0
2025-11-24,0.0
2025-11-25,0.0
2025-11-26,0.0
2025-11-27,0.0
2025-11-28,0.0
2025-11-29,0.0
2025-11-30,0.0
2025-12-01,0.0
2025-12-02,0.0
2025-12-03,0.0
2025-12-04,0.0
2025-12-05,0.0
2025-12-06,0.0
2025-12-07,0.0
2025-12-08,0.0
2025-12-09,0.0
2025-12-10,0.0
2025-12-11,0.0
2025-12-12,0.0
2025-12-13,0.0
2025-12-14,0.0
2025-12-15,0.0
2025-12-16,0.0
2025-12-17,0.0
2025-12-18,0.0
2025-12-19,0.0
2025-12-20,0.0
2025-12-21,0.0
2025-12-22,0.0
2025-12-23,0.0
2025-12-24,0.0
2025-12-25,0.0
2025-12-26,0.0
2025-12-27,0.0
2025-12-28,0.0
2025-12-29,0.0
2025-12-30,0.0
2025-12-31,0.0
2026-01-01,0.0
2026-01-02,0.0
2026-01-03,0.0
2026-01-04,0.0
2026-01-05,0.0
2026-01-06,0.0
2026-01-07,0.0
2026-01-08,0.0
2026-01-09,0.0
2026-01-10,0.0
2026-01-11,0.0
2026-01-12,0.0
2026-01-13,0.0
2026-01-14,0.0
2026-01-15,0.0
2026-01-16,0.0
2026-01-17,0.0
2026-01-18,0.0
2026-01-19,0.0
2026-01-20,0.0
2026-01-21,0.0
2026-01-22,0.0
2026-01-23,0.0
2026-01-24,0.0
2026-01-25,0.0
2026-01-26,0.0
2026-01-27,0.0
2026-01-28,0.0
2026-01-29,0.0
2026-01-30,0.0
2026-01-31,0.0
2026-02-01,0.0
2026-02-02,0.0
2026-02-03,0.0
2026-02-04,0.0
2026-02-05,0.0
2026-02-06,0.0
2026-02-07,0.0
2026-02-08,0.0
2026-02-09,0.0
2026-02-10,0.0
2026-02-11,0.0
2026-02-12,0.0
2026-02-13,0.0
2026-02-14,0.0
2026-02-15,0.0
2026-02-16,0.0
2026-02-17,0.0
2026-02-18,0.0
2026-02-19,0.0
2026-02-20,0.0
2026-02-21,0.0
2026-02-22,0.0
