date,Newcase_Raw
2020-01-09,0.0
2020-01-10,0.0
2020-01-11,0.0
2020-01-12,0.0
2020-01-13,0.0
2020-01-14,0.0
2020-01-15,0.0
2020-01-16,0.0
2020-01-17,0.0
2020-01-18,0.0
2020-01-19,0.0
2020-01-20,0.0
2020-01-21,0.0
2020-01-22,0.0
2020-01-23,0.0
2020-01-24,0.0
2020-01-25,0.0
2020-01-26,0.0
2020-01-27,0.0
2020-01-28,0.0
2020-01-29,0.0
2020-01-30,0.0
2020-01-31,0.0
2020-02-01,0.002095315
2020-02-02,0.002095315
2020-02-03,0.002095315
2020-02-04,0.00419063
2020-02-05,0.0419063
2020-02-06,0.0419063
2020-02-07,0.044001617
2020-02-08,0.0419063
2020-02-09,0.0419063
2020-02-10,0.048192244
2020-02-11,0.048192244
2020-02-12,0.01257189
2020-02-13,0.02095315
2020-02-14,0.02095315
2020-02-15,0.023048466
2020-02-16,0.023048466
2020-02-17,0.01676252
2020-02-18,0.0146672055
2020-02-19,0.0146672055
2020-02-20,0.006285945
2020-02-21,0.00419063
2020-02-22,0.002095315
2020-02-23,0.006285945
2020-02-24,0.006285945
2020-02-25,0.018857835
2020-02-26,0.02095315
2020-02-27,0.027239095
2020-02-28,0.031429727
2020-02-29,0.048192244
2020-03-01,0.0691454
2020-03-02,0.07752666
2020-03-03,0.10686107
2020-03-04,0.18857835
2020-03-05,0.30382067
2020-03-06,0.4169677
2020-03-07,0.5028756
2020-03-08,0.651643
2020-03-09,0.7857431
2020-03-10,0.8590792
2020-03-11,1.0832778
2020-03-12,1.5170081
2020-03-13,2.2440825
2020-03-14,3.1555445
2020-03-15,3.9831939
2020-03-16,4.5782633
2020-03-17,5.387055
2020-03-18,6.338328
2020-03-19,7.4237013
2020-03-20,8.641079
2020-03-21,9.806074
2020-03-22,11.429943
2020-03-23,13.17115
2020-03-24,15.09884
2020-03-25,18.633636
2020-03-26,21.92328
2020-03-27,25.447601
2020-03-28,29.636135
2020-03-29,33.621426
2020-03-30,36.95507
2020-03-31,40.007946
2020-04-01,44.001614
2020-04-02,48.42273
2020-04-03,53.084805
2020-04-04,56.824944
2020-04-05,60.38279
2020-04-06,62.901356
2020-04-07,64.4477
2020-04-08,66.70645
2020-04-09,68.8311
2020-04-10,69.3654
2020-04-11,69.47227
2020-04-12,68.37013
2020-04-13,67.55086
2020-04-14,67.44819
2020-04-15,65.20621
2020-04-16,62.813354
2020-04-17,62.65411
2020-04-18,63.527855
2020-04-19,64.88981
2020-04-20,67.31828
2020-04-21,68.10193
2020-04-22,68.60062
2020-04-23,69.56655
2020-04-24,70.50316
2020-04-25,70.23915
2020-04-26,70.20563
2020-04-27,68.13755
2020-04-28,67.28895
2020-04-29,67.91335
2020-04-30,67.752014
2020-05-01,67.576004
2020-05-02,67.14646
2020-05-03,66.73788
2020-05-04,65.692314
2020-05-05,64.699135
2020-05-06,61.88932
2020-05-07,59.72486
2020-05-08,56.37026
2020-05-09,53.91036
2020-05-10,50.344135
2020-05-11,48.06443
2020-05-12,46.671047
2020-05-13,47.119446
2020-05-14,46.541138
2020-05-15,45.48929
2020-05-16,43.06501
2020-05-17,41.94611
2020-05-18,41.761723
2020-05-19,40.714066
2020-05-20,38.553795
2020-05-21,37.82672
2020-05-22,36.546486
2020-05-23,36.41448
2020-05-24,35.423397
2020-05-25,34.270973
2020-05-26,33.298748
2020-05-27,31.295626
2020-05-28,29.214977
2020-05-29,27.341766
2020-05-30,25.64456
2020-05-31,24.542425
2020-06-01,23.704298
2020-06-02,23.090372
2020-06-03,22.700644
2020-06-04,21.489552
2020-06-05,20.534088
2020-06-06,19.469667
2020-06-07,18.614779
2020-06-08,17.927515
2020-06-09,17.177393
2020-06-10,16.464985
2020-06-11,15.779818
2020-06-12,15.417328
2020-06-13,14.922833
2020-06-14,14.776161
2020-06-15,14.947977
2020-06-16,15.16589
2020-06-17,15.052743
2020-06-18,14.922833
2020-06-19,14.547772
2020-06-20,14.56663
2020-06-21,14.440911
2020-06-22,14.015562
2020-06-23,13.617453
2020-06-24,13.311537
2020-06-25,12.850567
2020-06-26,12.347692
2020-06-27,11.727478
2020-06-28,11.04231
2020-06-29,10.979451
2020-06-30,10.587626
2020-07-01,10.220946
2020-07-02,9.676165
2020-07-03,9.41425
2020-07-04,9.162812
2020-07-05,8.957472
2020-07-06,8.4252615
2020-07-07,8.653651
2020-07-08,8.632698
2020-07-09,8.603363
2020-07-10,8.731177
2020-07-11,8.974235
2020-07-12,8.974235
2020-07-13,9.097857
2020-07-14,8.695558
2020-07-15,8.750035
2020-07-16,8.951186
2020-07-17,9.085286
2020-07-18,9.064333
2020-07-19,9.093667
2020-07-20,9.192147
2020-07-21,9.363963
2020-07-22,9.552541
2020-07-23,9.726452
2020-07-24,9.808169
2020-07-25,10.00932
2020-07-26,10.41162
2020-07-27,10.464004
2020-07-28,10.704965
2020-07-29,10.786682
2020-07-30,10.929163
2020-07-31,11.444611
2020-08-01,11.733764
2020-08-02,11.57452
2020-08-03,11.635284
2020-08-04,11.63738
2020-08-05,12.037585
2020-08-06,12.477601
2020-08-07,12.538365
2020-08-08,12.87152
2020-08-09,13.447732
2020-08-10,13.764124
2020-08-11,13.89613
2020-08-12,14.815972
2020-08-13,15.46971
2020-08-14,15.786103
2020-08-15,15.892964
2020-08-16,16.337172
2020-08-17,16.345552
2020-08-18,16.293169
2020-08-19,15.872011
2020-08-20,15.323039
2020-08-21,15.406852
2020-08-22,16.12345
2020-08-23,16.192595
2020-08-24,16.460794
2020-08-25,16.940622
2020-08-26,16.944813
2020-08-27,17.26749
2020-08-28,17.489595
2020-08-29,17.68446
2020-08-30,18.55192
2020-08-31,19.3649
2020-09-01,20.077309
2020-09-02,20.523611
2020-09-03,22.656641
2020-09-04,26.19563
2020-09-05,29.466415
2020-09-06,32.525574
2020-09-07,35.293488
2020-09-08,38.004826
2020-09-09,43.071297
2020-09-10,45.338425
2020-09-11,45.941875
2020-09-12,46.939247
2020-09-13,47.42536
2020-09-14,47.6747
2020-09-15,47.02306
2020-09-16,45.969116
2020-09-17,46.34837
2020-09-18,48.514923
2020-09-19,50.708717
2020-09-20,54.163895
2020-09-21,58.813396
2020-09-22,65.489075
2020-09-23,70.09667
2020-09-24,76.15213
2020-09-25,81.80319
2020-09-26,88.103806
2020-09-27,93.01732
2020-09-28,97.04242
2020-09-29,100.56883
2020-09-30,109.69603
2020-10-01,117.920135
2020-10-02,129.6979
2020-10-03,141.58882
2020-10-04,155.2838
2020-10-05,165.46074
2020-10-06,175.79065
2020-10-07,189.97592
2020-10-08,204.40007
2020-10-09,216.67024
2020-10-10,227.28929
2020-10-11,231.56165
2020-10-12,233.61714
2020-10-13,234.13889
2020-10-14,240.253
2020-10-15,244.16287
2020-10-16,246.98526
2020-10-17,247.36452
2020-10-18,251.60124
2020-10-19,256.28217
2020-10-20,260.7012
2020-10-21,273.69424
2020-10-22,287.3075
2020-10-23,299.44775
2020-10-24,309.64984
2020-10-25,317.56805
2020-10-26,320.81998
2020-10-27,324.13895
2020-10-28,326.09805
2020-10-29,323.45377
2020-10-30,319.65497
2020-10-31,319.94623
2020-11-01,322.4522
2020-11-02,322.953
2020-11-03,323.11014
2020-11-04,333.83398
2020-11-05,337.1697
2020-11-06,337.43372
2020-11-07,338.3745
2020-11-08,339.9858
2020-11-09,344.3713
2020-11-10,353.3267
2020-11-11,352.45712
2020-11-12,356.32507
2020-11-13,364.1406
2020-11-14,365.73932
2020-11-15,367.2668
2020-11-16,366.12906
2020-11-17,357.72476
2020-11-18,348.17432
2020-11-19,339.16235
2020-11-20,325.16354
2020-11-21,310.94684
2020-11-22,295.67618
2020-11-23,283.75385
2020-11-24,274.66437
2020-11-25,258.0527
2020-11-26,243.7857
2020-11-27,234.85548
2020-11-28,227.98285
2020-11-29,222.64818
2020-11-30,219.61626
2020-12-01,217.43085
2020-12-02,215.7001
2020-12-03,215.71059
2020-12-04,215.42143
2020-12-05,217.72418
2020-12-06,220.40619
2020-12-07,224.19243
2020-12-08,230.22484
2020-12-09,237.31956
2020-12-10,246.49915
2020-12-11,257.46393
2020-12-12,272.24847
2020-12-13,290.176
2020-12-14,304.20413
2020-12-15,322.08765
2020-12-16,350.61115
2020-12-17,378.50607
2020-12-18,406.83057
2020-12-19,430.97067
2020-12-20,456.17523
2020-12-21,468.7492
2020-12-22,491.3786
2020-12-23,518.60724
2020-12-24,543.9543
2020-12-25,559.688
2020-12-26,555.4031
2020-12-27,509.30612
2020-12-28,541.8275
2020-12-29,574.2085
2020-12-30,570.47046
2020-12-31,647.1904
2021-01-01,708.426
2021-01-02,753.5905
2021-01-03,791.4382
2021-01-04,834.4844
2021-01-05,850.85925
2021-01-06,916.9958
2021-01-07,882.5236
2021-01-08,854.4946
2021-01-09,852.90216
2021-01-10,885.63727
2021-01-11,840.3387
2021-01-12,800.1903
2021-01-13,759.5831
2021-01-14,726.07697
2021-01-15,700.35693
2021-01-16,680.001
2021-01-17,666.06085
2021-01-18,647.6535
2021-01-19,631.7668
2021-01-20,605.2925
2021-01-21,584.08374
2021-01-22,562.0347
2021-01-23,539.04913
2021-01-24,515.74506
2021-01-25,497.08417
2021-01-26,471.86075
2021-01-27,439.97006
2021-01-28,413.1605
2021-01-29,392.87155
2021-01-30,376.67688
2021-01-31,360.13226
2021-02-01,349.28482
2021-02-02,345.57404
2021-02-03,329.3039
2021-02-04,313.66238
2021-02-05,300.2754
2021-02-06,287.11682
2021-02-07,274.27884
2021-02-08,264.12283
2021-02-09,255.49223
2021-02-10,241.29019
2021-02-11,228.63449
2021-02-12,216.03117
2021-02-13,204.81285
2021-02-14,196.98895
2021-02-15,190.10583
2021-02-16,184.51344
2021-02-17,181.45638
2021-02-18,178.7618
2021-02-19,174.66127
2021-02-20,171.84097
2021-02-21,167.97511
2021-02-22,166.4623
2021-02-23,164.58281
2021-02-24,158.13342
2021-02-25,151.4787
2021-02-26,144.9937
2021-02-27,137.09647
2021-02-28,128.82835
2021-03-01,121.77971
2021-03-02,115.022316
2021-03-03,105.66673
2021-03-04,99.70557
2021-03-05,94.1006
2021-03-06,89.72768
2021-03-07,86.972336
2021-03-08,86.299736
2021-03-09,85.32961
2021-03-10,84.69682
2021-03-11,83.79584
2021-03-12,83.959274
2021-03-13,83.95089
2021-03-14,84.474724
2021-03-15,83.95718
2021-03-16,83.98861
2021-03-17,83.59679
2021-03-18,82.28721
2021-03-19,81.717285
2021-03-20,81.08659
2021-03-21,79.96141
2021-03-22,79.68064
2021-03-23,81.70262
2021-03-24,81.19136
2021-03-25,80.39724
2021-03-26,80.91268
2021-03-27,80.87916
2021-03-28,79.594734
2021-03-29,78.51355
2021-03-30,77.75924
2021-03-31,73.01754
2021-04-01,69.44502
2021-04-02,64.713806
2021-04-03,60.644703
2021-04-04,56.83123
2021-04-05,54.268658
2021-04-06,48.783123
2021-04-07,45.740726
2021-04-08,44.76431
2021-04-09,43.27035
2021-04-10,42.16612
2021-04-11,42.597755
2021-04-12,42.329556
2021-04-13,42.254124
2021-04-14,42.54118
2021-04-15,40.827213
2021-04-16,39.274586
2021-04-17,37.594143
2021-04-18,36.324383
2021-04-19,34.945663
2021-04-20,35.38149
2021-04-21,35.08186
2021-04-22,35.178246
2021-04-23,35.588924
2021-04-24,35.723026
2021-04-25,35.037857
2021-04-26,34.7068
2021-04-27,33.732475
2021-04-28,33.497803
2021-04-29,32.7372
2021-04-30,32.299282
2021-05-01,31.92422
2021-05-02,31.515633
2021-05-03,31.241146
2021-05-04,29.988148
2021-05-05,28.852488
2021-05-06,29.638231
2021-05-07,29.784903
2021-05-08,29.986053
2021-05-09,30.315018
2021-05-10,30.683794
2021-05-11,32.33071
2021-05-12,33.849815
2021-05-13,33.380463
2021-05-14,32.89016
2021-05-15,32.588436
2021-05-16,32.496243
2021-05-17,32.536053
2021-05-18,31.731451
2021-05-19,31.834122
2021-05-20,32.846157
2021-05-21,33.847717
2021-05-22,34.54965
2021-05-23,35.44854
2021-05-24,36.227997
2021-05-25,37.072407
2021-05-26,38.143116
2021-05-27,39.431732
2021-05-28,41.755436
2021-05-29,44.332676
2021-05-30,46.89315
2021-05-31,48.988464
2021-06-01,50.74434
2021-06-02,51.850666
2021-06-03,56.049675
2021-06-04,60.755753
2021-06-05,66.01709
2021-06-06,70.77765
2021-06-07,74.40464
2021-06-08,79.37054
2021-06-09,87.85446
2021-06-10,93.01942
2021-06-11,97.29805
2021-06-12,101.038185
2021-06-13,104.72175
2021-06-14,107.97578
2021-06-15,111.330376
2021-06-16,116.392654
2021-06-17,122.47745
2021-06-18,128.43233
2021-06-19,134.85028
2021-06-20,140.50974
2021-06-21,145.0419
2021-06-22,151.22726
2021-06-23,163.686
2021-06-24,177.51927
2021-06-25,192.81299
2021-06-26,208.75414
2021-06-27,225.20027
2021-06-28,241.65688
2021-06-29,259.28894
2021-06-30,284.6632
2021-07-01,307.28632
2021-07-02,329.438
2021-07-03,350.55878
2021-07-04,367.6775
2021-07-05,383.8303
2021-07-06,397.80185
2021-07-07,411.4235
2021-07-08,427.89474
2021-07-09,448.16483
2021-07-10,459.11496
2021-07-11,472.66116
2021-07-12,481.81558
2021-07-13,492.9899
2021-07-14,513.0882
2021-07-15,537.4923
2021-07-16,571.67316
2021-07-17,630.3001
2021-07-18,677.36084
2021-07-19,698.5173
2021-07-20,710.41656
2021-07-21,717.5679
2021-07-22,701.1595
2021-07-23,660.58997
2021-07-24,596.2177
2021-07-25,538.7076
2021-07-26,505.9704
2021-07-27,476.64645
2021-07-28,439.0502
2021-07-29,417.48105
2021-07-30,406.3528
2021-07-31,400.38956
2021-08-01,393.96112
2021-08-02,389.17963
2021-08-03,386.66104
2021-08-04,386.3656
2021-08-05,388.23254
2021-08-06,392.6348
2021-08-07,399.39847
2021-08-08,406.2837
2021-08-09,410.41144
2021-08-10,414.39673
2021-08-11,419.26205
2021-08-12,421.45166
2021-08-13,423.5721
2021-08-14,423.71042
2021-08-15,425.67792
2021-08-16,430.9518
2021-08-17,436.0644
2021-08-18,446.00665
2021-08-19,459.42087
2021-08-20,470.71252
2021-08-21,480.71765
2021-08-22,487.54208
2021-08-23,494.8317
2021-08-24,501.9893
2021-08-25,507.87292
2021-08-26,507.37424
2021-08-27,507.45386
2021-08-28,509.78384
2021-08-29,512.9562
2021-08-30,510.99704
2021-08-31,505.53455
2021-09-01,495.1816
2021-09-02,510.95932
2021-09-03,520.92255
2021-09-04,530.80194
2021-09-05,541.0439
2021-09-06,549.86304
2021-09-07,561.7372
2021-09-08,583.01514
2021-09-09,569.2007
2021-09-10,553.1024
2021-09-11,535.59814
2021-09-12,515.8058
2021-09-13,498.46286
2021-09-14,482.23886
2021-09-15,460.71786
2021-09-16,445.66513
2021-09-17,434.2771
2021-09-18,425.34265
2021-09-19,425.9545
2021-09-20,432.47513
2021-09-21,447.1926
2021-09-22,459.995
2021-09-23,475.52756
2021-09-24,488.81604
2021-09-25,501.68338
2021-09-26,507.19196
2021-09-27,511.21915
2021-09-28,513.3124
2021-09-29,515.0326
2021-09-30,510.2134
2021-10-01,506.19247
2021-10-02,499.389
2021-10-03,492.9983
2021-10-04,488.28174
2021-10-05,488.23145
2021-10-06,492.72382
2021-10-07,498.4461
2021-10-08,507.72208
2021-10-09,520.0027
2021-10-10,533.7354
2021-10-11,546.2863
2021-10-12,555.4198
2021-10-13,569.1881
2021-10-14,588.134
2021-10-15,605.9672
2021-10-16,622.63336
2021-10-17,639.2869
2021-10-18,650.962
2021-10-19,666.32904
2021-10-20,681.9161
2021-10-21,690.73315
2021-10-22,698.87555
2021-10-23,696.3088
2021-10-24,690.2408
2021-10-25,684.4263
2021-10-26,667.6889
2021-10-27,646.15533
2021-10-28,624.3536
2021-10-29,606.30035
2021-10-30,598.3298
2021-10-31,597.4644
2021-11-01,594.2502
2021-11-02,592.25964
2021-11-03,587.321
2021-11-04,578.7197
2021-11-05,563.9289
2021-11-06,547.7363
2021-11-07,526.9235
2021-11-08,514.073
2021-11-09,505.214
2021-11-10,503.1543
2021-11-11,512.01117
2021-11-12,526.5862
2021-11-13,541.95953
2021-11-14,557.55914
2021-11-15,568.9765
2021-11-16,579.33997
2021-11-17,593.63416
2021-11-18,602.401
2021-11-19,608.58844
2021-11-20,615.0064
2021-11-21,618.86804
2021-11-22,624.0016
2021-11-23,627.6013
2021-11-24,627.1508
2021-11-25,630.8533
2021-11-26,632.69086
2021-11-27,631.35614
2021-11-28,630.77783
2021-11-29,626.52014
2021-11-30,631.66626
2021-12-01,643.3078
2021-12-02,659.0185
2021-12-03,675.8816
2021-12-04,690.32666
2021-12-05,703.6047
2021-12-06,715.0891
2021-12-07,717.9073
2021-12-08,725.0419
2021-12-09,726.2215
2021-12-10,734.61743
2021-12-11,748.6058
2021-12-12,762.9063
2021-12-13,783.46136
2021-12-14,808.8293
2021-12-15,866.3981
2021-12-16,963.8931
2021-12-17,1076.7803
2021-12-18,1179.5764
2021-12-19,1270.5236
2021-12-20,1354.9418
2021-12-21,1430.3207
2021-12-22,1528.3751
2021-12-23,1627.9131
2021-12-24,1730.2839
2021-12-25,1844.642
2021-12-26,1931.3273
2021-12-27,1892.5221
2021-12-28,1949.4182
2021-12-29,2077.3267
2021-12-30,2207.605
2021-12-31,2440.6836
2022-01-01,2599.808
2022-01-02,2707.2957
2022-01-03,2807.6865
2022-01-04,2943.423
2022-01-05,3016.5286
2022-01-06,3148.9065
2022-01-07,3042.8333
2022-01-08,2909.5796
2022-01-09,2766.5115
2022-01-10,2714.841
2022-01-11,2536.1567
2022-01-12,2333.0327
2022-01-13,1996.94
2022-01-14,1747.6918
2022-01-15,1587.2577
2022-01-16,1516.0966
2022-01-17,1483.2736
2022-01-18,1488.1074
2022-01-19,1485.0797
2022-01-20,1492.648
2022-01-21,1510.5441
2022-01-22,1518.7408
2022-01-23,1530.066
2022-01-24,1537.9927
2022-01-25,1546.9354
2022-01-26,1538.2399
2022-01-27,1526.3909
2022-01-28,1519.9122
2022-01-29,1511.2732
2022-01-30,1495.1309
2022-01-31,1477.9053
2022-02-01,1447.1818
2022-02-02,1400.429
2022-02-03,1360.0879
2022-02-04,1317.6577
2022-02-05,1276.6797
2022-02-06,1233.1768
2022-02-07,1188.7413
2022-02-08,1131.8535
2022-02-09,1071.9946
2022-02-10,1021.1036
2022-02-11,970.6505
2022-02-12,919.6275
2022-02-13,880.43463
2022-02-14,849.47424
2022-02-15,810.0886
2022-02-16,764.54065
2022-02-17,728.58716
2022-02-18,701.83624
2022-02-19,685.96
2022-02-20,662.24524
2022-02-21,656.20654
2022-02-22,647.75195
2022-02-23,627.6097
2022-02-24,599.7127
2022-02-25,568.0818
2022-02-26,538.5693
2022-02-27,527.2462
2022-02-28,507.2192
2022-03-01,493.89297
2022-03-02,492.88095
2022-03-03,504.6294
2022-03-04,524.9602
2022-03-05,552.47174
2022-03-06,580.9072
2022-03-07,609.5502
2022-03-08,646.56604
2022-03-09,696.5833
2022-03-10,749.6304
2022-03-11,806.9414
2022-03-12,862.989
2022-03-13,916.6752
2022-03-14,965.5358
2022-03-15,1021.508
2022-03-16,1087.1207
2022-03-17,1136.5618
2022-03-18,1174.7384
2022-03-19,1200.6008
2022-03-20,1217.8977
2022-03-21,1229.0846
2022-03-22,1240.2212
2022-03-23,1260.0261
2022-03-24,1271.3135
2022-03-25,1276.4136
2022-03-26,1276.5225
2022-03-27,1270.5404
2022-03-28,1258.0502
2022-03-29,1231.402
2022-03-30,1196.978
2022-03-31,1157.232
2022-04-01,1114.1901
2022-04-02,1055.2823
2022-04-03,1002.96655
2022-04-04,952.9639
2022-04-05,898.1568
2022-04-06,816.1671
2022-04-07,751.16
2022-04-08,690.62
2022-04-09,656.92316
2022-04-10,626.5956
2022-04-11,606.25635
2022-04-12,582.73224
2022-04-13,548.4613
2022-04-14,516.3401
2022-04-15,488.9648
2022-04-16,463.67435
2022-04-17,439.84854
2022-04-18,423.16983
2022-04-19,400.52365
2022-04-20,375.06976
2022-04-21,358.30936
2022-04-22,336.87845
2022-04-23,319.74927
2022-04-24,307.35757
2022-04-25,293.28754
2022-04-26,281.91208
2022-04-27,264.91068
2022-04-28,241.418
2022-04-29,223.81317
2022-04-30,209.4477
2022-05-01,197.52325
2022-05-02,187.3484
2022-05-03,175.44492
2022-05-04,164.54509
2022-05-05,161.9427
2022-05-06,159.04489
2022-05-07,156.13869
2022-05-08,153.92184
2022-05-09,152.16806
2022-05-10,152.22673
2022-05-11,149.70187
2022-05-12,142.2216
2022-05-13,136.0467
2022-05-14,130.6429
2022-05-15,126.42712
2022-05-16,123.49996
2022-05-17,121.21816
2022-05-18,118.52569
2022-05-19,115.46233
2022-05-20,113.18473
2022-05-21,111.46238
2022-05-22,109.11353
2022-05-23,106.80659
2022-05-24,102.666245
2022-05-25,98.257706
2022-05-26,94.89053
2022-05-27,92.072334
2022-05-28,89.83663
2022-05-29,88.97336
2022-05-30,88.90841
2022-05-31,88.244194
2022-06-01,87.82932
2022-06-02,88.69678
2022-06-03,90.20122
2022-06-04,91.15668
2022-06-05,93.72553
2022-06-06,98.972206
2022-06-07,107.63633
2022-06-08,117.341835
2022-06-09,126.389404
2022-06-10,136.39034
2022-06-11,147.0974
2022-06-12,155.79086
2022-06-13,161.20724
2022-06-14,167.23756
2022-06-15,174.62355
2022-06-16,182.43907
2022-06-17,188.83607
2022-06-18,194.92506
2022-06-19,201.49388
2022-06-20,208.92386
2022-06-21,217.9421
2022-06-22,227.72722
2022-06-23,239.78575
2022-06-24,252.43307
2022-06-25,263.67444
2022-06-26,272.95877
2022-06-27,279.6156
2022-06-28,287.538
2022-06-29,298.354
2022-06-30,307.0391
2022-07-01,314.8504
2022-07-02,324.59363
2022-07-03,335.6988
2022-07-04,346.51273
2022-07-05,361.1841
2022-07-06,379.20383
2022-07-07,392.55936
2022-07-08,403.2392
2022-07-09,407.8782
2022-07-10,409.8918
2022-07-11,408.39365
2022-07-12,402.76984
2022-07-13,394.6442
2022-07-14,385.28024
2022-07-15,373.0394
2022-07-16,361.8211
2022-07-17,348.7212
2022-07-18,335.66946
2022-07-19,319.2003
2022-07-20,295.92554
2022-07-21,274.39407
2022-07-22,258.28738
2022-07-23,243.74171
2022-07-24,231.20963
2022-07-25,220.55914
2022-07-26,208.06897
2022-07-27,196.71446
2022-07-28,186.35313
2022-07-29,174.56699
2022-07-30,164.4487
2022-07-31,156.33983
2022-08-01,150.87315
2022-08-02,144.90361
2022-08-03,137.64543
2022-08-04,132.2919
2022-08-05,127.70107
2022-08-06,123.44129
2022-08-07,119.33447
2022-08-08,115.3429
2022-08-09,111.40581
2022-08-10,107.703384
2022-08-11,103.804
2022-08-12,100.44102
2022-08-13,98.12989
2022-08-14,95.59665
2022-08-15,93.658485
2022-08-16,91.177635
2022-08-17,87.73293
2022-08-18,84.06613
2022-08-19,80.47057
2022-08-20,77.057304
2022-08-21,74.276825
2022-08-22,72.196175
2022-08-23,69.518364
2022-08-24,67.00398
2022-08-25,65.367546
2022-08-26,64.36598
2022-08-27,62.75678
2022-08-28,61.58131
2022-08-29,60.764137
2022-08-30,59.41056
2022-08-31,58.232994
2022-09-01,59.171696
2022-09-02,59.301605
2022-09-03,60.46241
2022-09-04,61.210438
2022-09-05,61.84951
2022-09-06,63.62843
2022-09-07,64.598564
2022-09-08,63.2408
2022-09-09,62.442482
2022-09-10,61.17901
2022-09-11,60.644703
2022-09-12,60.3325
2022-09-13,60.456123
2022-09-14,60.839565
2022-09-15,62.033897
2022-09-16,63.58024
2022-09-17,65.43878
2022-09-18,66.65616
2022-09-19,67.18628
2022-09-20,67.16951
2022-09-21,68.96729
2022-09-22,74.58274
2022-09-23,79.98865
2022-09-24,84.55853
2022-09-25,89.48462
2022-09-26,94.09012
2022-09-27,100.16863
2022-09-28,105.30634
2022-09-29,106.198944
2022-09-30,108.00301
2022-10-01,110.26595
2022-10-02,112.63366
2022-10-03,115.45396
2022-10-04,119.56915
2022-10-05,126.01015
2022-10-06,131.69055
2022-10-07,135.49774
2022-10-08,138.62814
2022-10-09,141.42538
2022-10-10,141.40024
2022-10-11,140.04666
2022-10-12,137.54277
2022-10-13,134.3914
2022-10-14,131.32806
2022-10-15,128.69844
2022-10-16,126.64503
2022-10-17,125.36479
2022-10-18,123.734634
2022-10-19,122.69746
2022-10-20,120.1286
2022-10-21,117.67499
2022-10-22,114.410484
2022-10-23,110.90502
2022-10-24,107.81653
2022-10-25,103.0874
2022-10-26,96.392876
2022-10-27,91.00791
2022-10-28,86.50508
2022-10-29,82.89904
2022-10-30,78.92632
2022-10-31,76.024315
2022-11-01,73.40098
2022-11-02,69.88504
2022-11-03,67.54667
2022-11-04,64.539894
2022-11-05,62.073708
2022-11-06,59.36237
2022-11-07,57.43887
2022-11-08,55.335175
2022-11-09,53.64216
2022-11-10,52.133533
2022-11-11,51.215786
2022-11-12,50.2247
2022-11-13,49.776302
2022-11-14,49.29019
2022-11-15,48.546352
2022-11-16,47.712418
2022-11-17,47.0943
2022-11-18,46.432182
2022-11-19,46.08017
2022-11-20,45.82873
2022-11-21,45.82454
2022-11-22,45.778442
2022-11-23,45.80987
2022-11-24,46.3777
2022-11-25,47.123634
2022-11-26,47.735466
2022-11-27,48.005764
2022-11-28,48.257202
2022-11-29,49.426388
2022-11-30,50.895203
2022-12-01,52.11258
2022-12-02,52.875275
2022-12-03,53.24405
2022-12-04,54.6982
2022-12-05,55.110977
2022-12-06,55.81919
2022-12-07,57.256577
2022-12-08,59.048073
2022-12-09,61.59388
2022-12-10,63.756245
2022-12-11,65.05534
2022-12-12,66.77769
2022-12-13,68.54823
2022-12-14,72.02855
2022-12-15,75.946785
2022-12-16,78.75032
2022-12-17,82.012726
2022-12-18,85.92677
2022-12-19,88.384575
2022-12-20,90.77533
2022-12-21,95.148254
2022-12-22,98.33314
2022-12-23,100.99209
2022-12-24,102.63272
2022-12-25,101.914024
2022-12-26,100.63379
2022-12-27,96.279724
2022-12-28,87.64074
2022-12-29,83.39563
2022-12-30,84.688446
2022-12-31,86.4506
2023-01-01,87.2573
2023-01-02,87.58207
2023-01-03,87.51712
2023-01-04,87.74132
2023-01-05,87.01843
2023-01-06,81.09079
2023-01-07,74.73151
2023-01-08,69.96257
2023-01-09,66.70435
2023-01-10,64.9401
2023-01-11,61.899796
2023-01-12,55.316315
2023-01-13,49.145615
2023-01-14,44.529636
2023-01-15,40.927788
2023-01-16,38.34217
2023-01-17,36.309715
2023-01-18,34.126396
2023-01-19,32.21547
2023-01-20,31.115429
2023-01-21,30.17044
2023-01-22,29.619373
2023-01-23,29.66966
2023-01-24,29.784903
2023-01-25,29.975576
2023-01-26,31.15943
2023-01-27,32.27204
2023-01-28,33.351128
2023-01-29,34.574795
2023-01-30,35.494637
2023-01-31,36.642868
2023-02-01,38.530746
2023-02-02,40.165092
2023-02-03,41.89373
2023-02-04,43.312256
2023-02-05,44.399727
2023-02-06,45.313282
2023-02-07,46.071785
2023-02-08,46.958103
2023-02-09,47.305927
2023-02-10,47.69985
2023-02-11,47.982716
2023-02-12,48.663692
2023-02-13,49.040848
2023-02-14,49.80983
2023-02-15,51.708183
2023-02-16,53.763687
2023-02-17,54.993637
2023-02-18,56.95066
2023-02-19,58.576626
2023-02-20,59.766766
2023-02-21,60.850044
2023-02-22,60.898235
2023-02-23,60.904522
2023-02-24,60.822803
2023-02-25,59.743717
2023-02-26,58.339855
2023-02-27,57.484966
2023-02-28,56.363976
2023-03-01,56.018246
2023-03-02,55.697662
2023-03-03,56.045486
2023-03-04,56.40169
2023-03-05,57.07219
2023-03-06,57.23772
2023-03-07,57.933365
2023-03-08,58.666725
2023-03-09,59.423134
2023-03-10,60.17745
2023-03-11,61.02605
2023-03-12,61.639977
2023-03-13,62.926502
2023-03-14,64.91286
2023-03-15,66.55768
2023-03-16,68.04745
2023-03-17,68.33451
2023-03-18,69.497406
2023-03-19,69.8599
2023-03-20,69.91647
2023-03-21,69.22921
2023-03-22,68.00135
2023-03-23,67.32666
2023-03-24,67.31828
2023-03-25,66.346054
2023-03-26,66.31463
2023-03-27,65.48069
2023-03-28,64.21512
2023-03-29,62.37543
2023-03-30,59.659904
2023-03-31,57.54783
2023-04-01,55.49442
2023-04-02,52.74327
2023-04-03,51.2535
2023-04-04,49.16657
2023-04-05,45.7533
2023-04-06,42.633373
2023-04-07,39.99328
2023-04-08,37.539665
2023-04-09,35.39825
2023-04-10,34.07192
2023-04-11,32.72463
2023-04-12,32.001747
2023-04-13,32.267853
2023-04-14,31.72726
2023-04-15,31.415058
2023-04-16,31.255814
2023-04-17,30.675411
2023-04-18,30.916372
2023-04-19,30.69427
2023-04-20,29.376316
2023-04-21,28.412472
2023-04-22,27.415102
2023-04-23,26.868225
2023-04-24,26.6105
2023-04-25,25.763994
2023-04-26,24.867199
2023-04-27,24.416706
2023-04-28,24.112885
2023-04-29,24.096123
2023-04-30,24.079361
2023-05-01,24.1506
2023-05-02,23.7483
2023-05-03,23.501053
2023-05-04,23.850971
2023-05-05,23.71268
2023-05-06,23.643536
2023-05-07,23.264282
2023-05-08,22.577019
2023-05-09,22.172623
2023-05-10,21.445549
2023-05-11,20.624186
2023-05-12,20.068928
2023-05-13,19.398426
2023-05-14,18.811739
2023-05-15,18.49744
2023-05-16,18.304672
2023-05-17,17.896086
2023-05-18,17.037006
2023-05-19,16.412603
2023-05-20,15.890869
2023-05-21,15.700195
2023-05-22,15.513713
2023-05-23,15.2119875
2023-05-24,15.09884
2023-05-25,15.033885
2023-05-26,14.857879
2023-05-27,14.507961
2023-05-28,14.162234
2023-05-29,13.826983
2023-05-30,13.2025795
2023-05-31,12.418932
2023-06-01,11.865769
2023-06-02,11.618522
2023-06-03,11.300034
2023-06-04,11.023453
2023-06-05,10.830684
2023-06-06,10.836969
2023-06-07,10.968974
2023-06-08,10.948021
2023-06-09,10.660963
2023-06-10,10.459812
2023-06-11,10.256567
2023-06-12,10.038654
2023-06-13,9.835409
2023-06-14,9.403774
2023-06-15,8.825467
2023-06-16,8.305829
2023-06-17,7.9077187
2023-06-18,7.5850406
2023-06-19,7.4907513
2023-06-20,7.103118
2023-06-21,6.6672926
2023-06-22,6.365567
2023-06-23,6.1246057
2023-06-24,6.0156493
2023-06-25,5.875263
2023-06-26,5.6741133
2023-06-27,5.560966
2023-06-28,5.3095284
2023-06-29,5.0874248
2023-06-30,4.942848
2023-07-01,4.714459
2023-07-02,4.5971212
2023-07-03,4.5007367
2023-07-04,4.431591
2023-07-05,4.5195947
2023-07-06,4.5656915
2023-07-07,4.689315
2023-07-08,4.869512
2023-07-09,5.143998
2023-07-10,5.3577204
2023-07-11,5.625921
2023-07-12,5.8626914
2023-07-13,6.1769886
2023-07-14,6.342519
2023-07-15,6.549955
2023-07-16,6.524811
2023-07-17,6.617005
2023-07-18,6.6107187
2023-07-19,6.778344
2023-07-20,6.98159
2023-07-21,7.1073084
2023-07-22,7.3210306
2023-07-23,7.5808496
2023-07-24,7.7526655
2023-07-25,8.01877
2023-07-26,8.299542
2023-07-27,8.628508
2023-07-28,9.034998
2023-07-29,9.322057
2023-07-30,9.799788
2023-07-31,10.329903
2023-08-01,10.996213
2023-08-02,11.526328
2023-08-03,11.974726
2023-08-04,12.423122
2023-08-05,12.877806
2023-08-06,13.227724
2023-08-07,13.382777
2023-08-08,13.5776415
2023-08-09,14.032325
2023-08-10,14.711206
2023-08-11,15.346087
2023-08-12,15.880392
2023-08-13,16.295265
2023-08-14,16.783474
2023-08-15,17.127106
2023-08-16,17.439306
2023-08-17,17.483309
2023-08-18,17.604837
2023-08-19,17.76408
2023-08-20,17.906563
2023-08-21,17.906563
2023-08-22,17.99247
2023-08-23,18.241812
2023-08-24,18.520489
2023-08-25,18.633636
2023-08-26,18.750975
2023-08-27,18.832691
2023-08-28,18.845263
2023-08-29,18.72583
2023-08-30,18.480679
2023-08-31,18.912313
2023-09-01,19.869873
2023-09-02,20.777143
2023-09-03,21.940044
2023-09-04,23.063133
2023-09-05,24.74986
2023-09-06,26.776031
2023-09-07,28.003885
2023-09-08,28.705816
2023-09-09,29.150023
2023-09-10,29.194025
2023-09-11,29.120687
2023-09-12,28.808487
2023-09-13,28.376852
2023-09-14,27.66235
2023-09-15,26.723648
2023-09-16,26.210295
2023-09-17,25.715801
2023-09-18,25.50627
2023-09-19,25.47903
2023-09-20,25.611036
2023-09-21,26.245916
2023-09-22,27.11547
2023-09-23,27.721018
2023-09-24,28.416662
2023-09-25,29.011732
2023-09-26,29.914812
2023-09-27,31.218098
2023-09-28,32.8273
2023-09-29,34.451168
2023-09-30,35.57845
2023-10-01,36.504578
2023-10-02,37.294514
2023-10-03,38.07816
2023-10-04,37.937775
2023-10-05,37.445374
2023-10-06,36.626106
2023-10-07,36.11485
2023-10-08,35.794266
2023-10-09,34.95614
2023-10-10,34.01744
2023-10-11,33.16674
2023-10-12,31.808977
2023-10-13,30.652363
2023-10-14,29.145832
2023-10-15,27.783876
2023-10-16,26.629358
2023-10-17,24.798054
2023-10-18,23.063133
2023-10-19,21.720036
2023-10-20,20.619995
2023-10-21,20.14855
2023-10-22,19.425665
2023-10-23,18.874598
2023-10-24,18.386389
2023-10-25,17.801796
2023-10-26,17.27168
2023-10-27,16.464985
2023-10-28,15.802866
2023-10-29,15.348183
2023-10-30,27.377386
2023-10-31,25.27369
2023-11-01,22.753025
2023-11-02,20.253315
2023-11-03,18.069996
2023-11-04,15.890869
2023-11-05,13.875176
2023-11-06,10.250281
2023-11-07,10.250281
2023-11-08,10.250281
2023-11-09,10.250281
2023-11-10,10.250281
2023-11-11,10.250281
2023-11-12,10.250281
2023-11-13,10.989927
2023-11-14,10.989927
2023-11-15,10.989927
2023-11-16,10.989927
2023-11-17,10.989927
2023-11-18,10.989927
2023-11-19,10.989927
2023-11-20,9.956937
2023-11-21,9.956937
2023-11-22,9.956937
2023-11-23,9.956937
2023-11-24,9.956937
2023-11-25,9.956937
2023-11-26,9.956937
2023-11-27,11.354512
2023-11-28,11.354512
2023-11-29,11.354512
2023-11-30,11.354512
2023-12-01,11.354512
2023-12-02,11.354512
2023-12-03,11.354512
2023-12-04,15.89925
2023-12-05,15.89925
2023-12-06,15.89925
2023-12-07,15.89925
2023-12-08,15.89925
2023-12-09,15.89925
2023-12-10,15.89925
2023-12-11,19.962067
2023-12-12,19.962067
2023-12-13,19.962067
2023-12-14,19.962067
2023-12-15,19.962067
2023-12-16,19.962067
2023-12-17,19.962067
2023-12-18,22.587496
2023-12-19,22.587496
2023-12-20,22.587496
2023-12-21,22.587496
2023-12-22,22.587496
2023-12-23,22.587496
2023-12-24,22.587496
2023-12-25,21.3785
2023-12-26,21.3785
2023-12-27,21.3785
2023-12-28,21.3785
2023-12-29,21.3785
2023-12-30,21.3785
2023-12-31,21.3785
2024-01-01,18.646208
2024-01-02,18.646208
2024-01-03,18.646208
2024-01-04,18.646208
2024-01-05,18.646208
2024-01-06,18.646208
2024-01-07,18.646208
2024-01-08,14.233475
2024-01-09,14.233475
2024-01-10,14.233475
2024-01-11,14.233475
2024-01-12,14.233475
2024-01-13,14.233475
2024-01-14,14.233475
2024-01-15,13.80603
2024-01-16,13.80603
2024-01-17,13.80603
2024-01-18,13.80603
2024-01-19,13.80603
2024-01-20,13.80603
2024-01-21,13.80603
2024-01-22,13.919178
2024-01-23,13.919178
2024-01-24,13.919178
2024-01-25,13.919178
2024-01-26,13.919178
2024-01-27,13.919178
2024-01-28,13.919178
2024-01-29,10.874685
2024-01-30,10.874685
2024-01-31,10.874685
2024-02-01,10.874685
2024-02-02,10.874685
2024-02-03,10.874685
2024-02-04,10.874685
2024-02-05,8.571934
2024-02-06,8.571934
2024-02-07,8.571934
2024-02-08,8.571934
2024-02-09,8.571934
2024-02-10,8.571934
2024-02-11,8.571934
2024-02-12,6.044984
2024-02-13,6.044984
2024-02-14,6.044984
2024-02-15,6.044984
2024-02-16,6.044984
2024-02-17,6.044984
2024-02-18,6.044984
2024-02-19,4.171772
2024-02-20,4.171772
2024-02-21,4.171772
2024-02-22,4.171772
2024-02-23,4.171772
2024-02-24,4.171772
2024-02-25,4.171772
2024-02-26,3.3043118
2024-02-27,3.3043118
2024-02-28,3.3043118
2024-02-29,3.3043118
2024-03-01,3.3043118
2024-03-02,3.3043118
2024-03-03,3.3043118
2024-03-04,3.3944104
2024-03-05,3.3944104
2024-03-06,3.3944104
2024-03-07,3.3944104
2024-03-08,3.3944104
2024-03-09,3.3944104
2024-03-10,3.3944104
2024-03-11,3.6395621
2024-03-12,3.6395621
2024-03-13,3.6395621
2024-03-14,3.6395621
2024-03-15,3.6395621
2024-03-16,3.6395621
2024-03-17,3.6395621
2024-03-18,3.1681163
2024-03-19,3.1681163
2024-03-20,3.1681163
2024-03-21,3.1681163
2024-03-22,3.1681163
2024-03-23,3.1681163
2024-03-24,3.1681163
2024-03-25,3.065446
2024-03-26,3.065446
2024-03-27,3.065446
2024-03-28,3.065446
2024-03-29,3.065446
2024-03-30,3.065446
2024-03-31,3.065446
2024-04-01,3.3147883
2024-04-02,3.3147883
2024-04-03,3.3147883
2024-04-04,3.3147883
2024-04-05,3.3147883
2024-04-06,3.3147883
2024-04-07,3.3147883
2024-04-08,3.12621
2024-04-09,3.12621
2024-04-10,3.12621
2024-04-11,3.12621
2024-04-12,3.12621
2024-04-13,3.12621
2024-04-14,3.12621
2024-04-15,3.438412
2024-04-16,3.438412
2024-04-17,3.438412
2024-04-18,3.438412
2024-04-19,3.438412
2024-04-20,3.438412
2024-04-21,3.438412
2024-04-22,4.3226347
2024-04-23,4.3226347
2024-04-24,4.3226347
2024-04-25,4.3226347
2024-04-26,4.3226347
2024-04-27,4.3226347
2024-04-28,4.3226347
2024-04-29,6.011459
2024-04-30,6.011459
2024-05-01,6.011459
2024-05-02,6.011459
2024-05-03,6.011459
2024-05-04,6.011459
2024-05-05,6.011459
2024-05-06,6.2105136
2024-05-07,6.2105136
2024-05-08,6.2105136
2024-05-09,6.2105136
2024-05-10,6.2105136
2024-05-11,6.2105136
2024-05-12,6.2105136
2024-05-13,5.475058
2024-05-14,5.475058
2024-05-15,5.475058
2024-05-16,5.475058
2024-05-17,5.475058
2024-05-18,5.475058
2024-05-19,5.475058
2024-05-20,4.835987
2024-05-21,4.835987
2024-05-22,4.835987
2024-05-23,4.835987
2024-05-24,4.835987
2024-05-25,4.835987
2024-05-26,4.835987
2024-05-27,5.095806
2024-05-28,5.095806
2024-05-29,5.095806
2024-05-30,5.095806
2024-05-31,5.095806
2024-06-01,5.095806
2024-06-02,5.095806
2024-06-03,6.0889854
2024-06-04,6.0889854
2024-06-05,6.0889854
2024-06-06,6.0889854
2024-06-07,6.0889854
2024-06-08,6.0889854
2024-06-09,6.0889854
2024-06-10,8.134013
2024-06-11,8.134013
2024-06-12,8.134013
2024-06-13,8.134013
2024-06-14,8.134013
2024-06-15,8.134013
2024-06-16,8.134013
2024-06-17,10.254472
2024-06-18,10.254472
2024-06-19,10.254472
2024-06-20,10.254472
2024-06-21,10.254472
2024-06-22,10.254472
2024-06-23,10.254472
2024-06-24,10.292188
2024-06-25,10.292188
2024-06-26,10.292188
2024-06-27,10.292188
2024-06-28,10.292188
2024-06-29,10.292188
2024-06-30,10.292188
2024-07-01,10.155992
2024-07-02,10.155992
2024-07-03,10.155992
2024-07-04,10.155992
2024-07-05,10.155992
2024-07-06,10.155992
2024-07-07,10.155992
2024-07-08,11.243461
2024-07-09,11.243461
2024-07-10,11.243461
2024-07-11,11.243461
2024-07-12,11.243461
2024-07-13,11.243461
2024-07-14,11.243461
2024-07-15,10.90821
2024-07-16,10.90821
2024-07-17,10.90821
2024-07-18,10.90821
2024-07-19,10.90821
2024-07-20,10.90821
2024-07-21,10.90821
2024-07-22,8.936519
2024-07-23,8.936519
2024-07-24,8.936519
2024-07-25,8.936519
2024-07-26,8.936519
2024-07-27,8.936519
2024-07-28,8.936519
2024-07-29,7.455131
2024-07-30,7.455131
2024-07-31,7.455131
2024-08-01,7.455131
2024-08-02,7.455131
2024-08-03,7.455131
2024-08-04,7.455131
2024-08-05,5.5546803
2024-08-06,5.5546803
2024-08-07,5.5546803
2024-08-08,5.5546803
2024-08-09,5.5546803
2024-08-10,5.5546803
2024-08-11,5.5546803
2024-08-12,4.7542696
2024-08-13,4.7542696
2024-08-14,4.7542696
2024-08-15,4.7542696
2024-08-16,4.7542696
2024-08-17,4.7542696
2024-08-18,4.7542696
2024-08-19,4.3331113
2024-08-20,4.3331113
2024-08-21,4.3331113
2024-08-22,4.3331113
2024-08-23,4.3331113
2024-08-24,4.3331113
2024-08-25,4.3331113
2024-08-26,4.7773185
2024-08-27,4.7773185
2024-08-28,4.7773185
2024-08-29,4.7773185
2024-08-30,4.7773185
2024-08-31,4.7773185
2024-09-01,4.7773185
2024-09-02,4.95542
2024-09-03,4.95542
2024-09-04,4.95542
2024-09-05,4.95542
2024-09-06,4.95542
2024-09-07,4.95542
2024-09-08,4.95542
2024-09-09,5.227811
2024-09-10,5.227811
2024-09-11,5.227811
2024-09-12,5.227811
2024-09-13,5.227811
2024-09-14,5.227811
2024-09-15,5.227811
2024-09-16,7.344079
2024-09-17,7.344079
2024-09-18,7.344079
2024-09-19,7.344079
2024-09-20,7.344079
2024-09-21,7.344079
2024-09-22,7.344079
2024-09-23,7.5137997
2024-09-24,7.5137997
2024-09-25,7.5137997
2024-09-26,7.5137997
2024-09-27,7.5137997
2024-09-28,7.5137997
2024-09-29,7.5137997
2024-09-30,8.226207
2024-10-01,8.226207
2024-10-02,8.226207
2024-10-03,8.226207
2024-10-04,8.226207
2024-10-05,8.226207
2024-10-06,8.226207
2024-10-07,8.500693
2024-10-08,8.500693
2024-10-09,8.500693
2024-10-10,8.500693
2024-10-11,8.500693
2024-10-12,8.500693
2024-10-13,8.500693
2024-10-14,8.190586
2024-10-15,8.190586
2024-10-16,8.190586
2024-10-17,8.190586
2024-10-18,8.190586
2024-10-19,8.190586
2024-10-20,8.190586
2024-10-21,6.2943263
2024-10-22,6.2943263
2024-10-23,6.2943263
2024-10-24,6.2943263
2024-10-25,6.2943263
2024-10-26,6.2943263
2024-10-27,6.2943263
2024-10-28,4.502832
2024-10-29,4.502832
2024-10-30,4.502832
2024-10-31,4.502832
2024-11-01,4.502832
2024-11-02,4.502832
2024-11-03,4.502832
2024-11-04,3.6626108
2024-11-05,3.6626108
2024-11-06,3.6626108
2024-11-07,3.6626108
2024-11-08,3.6626108
2024-11-09,3.6626108
2024-11-10,3.6626108
2024-11-11,2.912488
2024-11-12,2.912488
2024-11-13,2.912488
2024-11-14,2.912488
2024-11-15,2.912488
2024-11-16,2.912488
2024-11-17,2.912488
2024-11-18,2.973252
2024-11-19,2.973252
2024-11-20,2.973252
2024-11-21,2.973252
2024-11-22,2.973252
2024-11-23,2.973252
2024-11-24,2.973252
2024-11-25,2.9481082
2024-11-26,2.9481082
2024-11-27,2.9481082
2024-11-28,2.9481082
2024-11-29,2.9481082
2024-11-30,2.9481082
2024-12-01,2.9481082
2024-12-02,2.9774427
2024-12-03,2.9774427
2024-12-04,2.9774427
2024-12-05,2.9774427
2024-12-06,2.9774427
2024-12-07,2.9774427
2024-12-08,2.9774427
2024-12-09,2.927155
2024-12-10,2.927155
2024-12-11,2.927155
2024-12-12,2.927155
2024-12-13,2.927155
2024-12-14,2.927155
2024-12-15,2.927155
2024-12-16,3.1576397
2024-12-17,3.1576397
2024-12-18,3.1576397
2024-12-19,3.1576397
2024-12-20,3.1576397
2024-12-21,3.1576397
2024-12-22,3.1576397
2024-12-23,2.5101874
2024-12-24,2.5101874
2024-12-25,2.5101874
2024-12-26,2.5101874
2024-12-27,2.5101874
2024-12-28,2.5101874
2024-12-29,2.5101874
2024-12-30,2.5458078
2024-12-31,2.5458078
2025-01-01,2.5458078
2025-01-02,2.5458078
2025-01-03,2.5458078
2025-01-04,2.5458078
2025-01-05,2.5458078
2025-01-06,2.1916995
2025-01-07,2.1916995
2025-01-08,2.1916995
2025-01-09,2.1916995
2025-01-10,2.1916995
2025-01-11,2.1916995
2025-01-12,2.1916995
2025-01-13,2.0806477
2025-01-14,2.0806477
2025-01-15,2.0806477
2025-01-16,2.0806477
2025-01-17,2.0806477
2025-01-18,2.0806477
2025-01-19,2.0806477
2025-01-20,2.0115025
2025-01-21,2.0115025
2025-01-22,2.0115025
2025-01-23,2.0115025
2025-01-24,2.0115025
2025-01-25,2.0115025
2025-01-26,2.0115025
2025-01-27,2.042932
2025-01-28,2.042932
2025-01-29,2.042932
2025-01-30,2.042932
2025-01-31,2.042932
2025-02-01,2.042932
2025-02-02,2.042932
2025-02-03,1.975882
2025-02-04,1.975882
2025-02-05,1.975882
2025-02-06,1.975882
2025-02-07,1.975882
2025-02-08,1.975882
2025-02-09,1.975882
2025-02-10,2.0701714
2025-02-11,2.0701714
2025-02-12,2.0701714
2025-02-13,2.0701714
2025-02-14,2.0701714
2025-02-15,2.0701714
2025-02-16,2.0701714
2025-02-17,2.3593247
2025-02-18,2.3593247
2025-02-19,2.3593247
2025-02-20,2.3593247
2025-02-21,2.3593247
2025-02-22,2.3593247
2025-02-23,2.3593247
2025-02-24,2.107887
2025-02-25,2.107887
2025-02-26,2.107887
2025-02-27,2.107887
2025-02-28,2.107887
2025-03-01,2.107887
2025-03-02,2.107887
2025-03-03,2.1979854
2025-03-04,2.1979854
2025-03-05,2.1979854
2025-03-06,2.1979854
2025-03-07,2.1979854
2025-03-08,2.1979854
2025-03-09,2.1979854
2025-03-10,2.2000809
2025-03-11,2.2000809
2025-03-12,2.2000809
2025-03-13,2.2000809
2025-03-14,2.2000809
2025-03-15,2.2000809
2025-03-16,2.2000809
2025-03-17,2.6212392
2025-03-18,2.6212392
2025-03-19,2.6212392
2025-03-20,2.6212392
2025-03-21,2.6212392
2025-03-22,2.6212392
2025-03-23,2.6212392
2025-03-24,2.5458078
2025-03-25,2.5458078
2025-03-26,2.5458078
2025-03-27,2.5458078
2025-03-28,2.5458078
2025-03-29,2.5458078
2025-03-30,2.5458078
2025-03-31,2.746958
2025-04-01,2.746958
2025-04-02,2.746958
2025-04-03,2.746958
2025-04-04,2.746958
2025-04-05,2.746958
2025-04-06,2.746958
2025-04-07,2.8014362
2025-04-08,2.8014362
2025-04-09,2.8014362
2025-04-10,2.8014362
2025-04-11,2.8014362
2025-04-12,2.8014362
2025-04-13,2.8014362
2025-04-14,2.6317158
2025-04-15,2.6317158
2025-04-16,2.6317158
2025-04-17,2.6317158
2025-04-18,2.6317158
2025-04-19,2.6317158
2025-04-20,2.6317158
2025-04-21,2.8622003
2025-04-22,2.8622003
2025-04-23,2.8622003
2025-04-24,2.8622003
2025-04-25,2.8622003
2025-04-26,2.8622003
2025-04-27,2.8622003
2025-04-28,2.9250598
2025-04-29,2.9250598
2025-04-30,2.9250598
2025-05-01,2.9250598
2025-05-02,2.9250598
2025-05-03,2.9250598
2025-05-04,2.9250598
2025-05-05,2.453614
2025-05-06,2.453614
2025-05-07,2.453614
2025-05-08,2.453614
2025-05-09,2.453614
2025-05-10,2.453614
2025-05-11,2.453614
2025-05-12,2.5751421
2025-05-13,2.5751421
2025-05-14,2.5751421
2025-05-15,2.5751421
2025-05-16,2.5751421
2025-05-17,2.5751421
2025-05-18,2.5751421
2025-05-19,2.7029564
2025-05-20,2.7029564
2025-05-21,2.7029564
2025-05-22,2.7029564
2025-05-23,2.7029564
2025-05-24,2.7029564
2025-05-25,2.7029564
2025-05-26,2.9145832
2025-05-27,2.9145832
2025-05-28,2.9145832
2025-05-29,2.9145832
2025-05-30,2.9145832
2025-05-31,2.9145832
2025-06-01,2.9145832
2025-06-02,3.0361114
2025-06-03,3.0361114
2025-06-04,3.0361114
2025-06-05,3.0361114
2025-06-06,3.0361114
2025-06-07,3.0361114
2025-06-08,3.0361114
2025-06-09,3.5578449
2025-06-10,3.5578449
2025-06-11,3.5578449
2025-06-12,3.5578449
2025-06-13,3.5578449
2025-06-14,3.5578449
2025-06-15,3.5578449
2025-06-16,3.471937
2025-06-17,3.471937
2025-06-18,3.471937
2025-06-19,3.471937
2025-06-20,3.471937
2025-06-21,3.471937
2025-06-22,3.471937
2025-06-23,2.7322907
2025-06-24,2.7322907
2025-06-25,2.7322907
2025-06-26,2.7322907
2025-06-27,2.7322907
2025-06-28,2.7322907
2025-06-29,2.7322907
2025-06-30,2.480853
2025-07-01,2.480853
2025-07-02,2.480853
2025-07-03,2.480853
2025-07-04,2.480853
2025-07-05,2.480853
2025-07-06,2.480853
2025-07-07,2.7679112
2025-07-08,2.7679112
2025-07-09,2.7679112
2025-07-10,2.7679112
2025-07-11,2.7679112
2025-07-12,2.7679112
2025-07-13,2.7679112
2025-07-14,3.0717318
2025-07-15,3.0717318
2025-07-16,3.0717318
2025-07-17,3.0717318
2025-07-18,3.0717318
2025-07-19,3.0717318
2025-07-20,3.0717318
2025-07-21,2.6882892
2025-07-22,2.6882892
2025-07-23,2.6882892
2025-07-24,2.6882892
2025-07-25,2.6882892
2025-07-26,2.6882892
2025-07-27,2.6882892
2025-07-28,3.2812634
2025-07-29,3.2812634
2025-07-30,3.2812634
2025-07-31,3.2812634
2025-08-01,3.2812634
2025-08-02,3.2812634
2025-08-03,3.2812634
2025-08-04,3.8155687
2025-08-05,3.8155687
2025-08-06,3.8155687
2025-08-07,3.8155687
2025-08-08,3.8155687
2025-08-09,3.8155687
2025-08-10,3.8155687
2025-08-11,4.282824
2025-08-12,4.282824
2025-08-13,4.282824
2025-08-14,4.282824
2025-08-15,4.282824
2025-08-16,4.282824
2025-08-17,4.282824
2025-08-18,3.8323312
2025-08-19,3.8323312
2025-08-20,3.8323312
2025-08-21,3.8323312
2025-08-22,3.8323312
2025-08-23,3.8323312
2025-08-24,3.8323312
2025-08-25,4.314254
2025-08-26,4.314254
2025-08-27,4.314254
2025-08-28,4.314254
2025-08-29,4.314254
2025-08-30,4.314254
2025-08-31,4.314254
2025-09-01,4.7060776
2025-09-02,4.7060776
2025-09-03,4.7060776
2025-09-04,4.7060776
2025-09-05,4.7060776
2025-09-06,4.7060776
2025-09-07,4.7060776
2025-09-08,5.0497093
2025-09-09,5.0497093
2025-09-10,5.0497093
2025-09-11,5.0497093
2025-09-12,5.0497093
2025-09-13,5.0497093
2025-09-14,5.0497093
2025-09-15,6.413759
2025-09-16,6.413759
2025-09-17,6.413759
2025-09-18,6.413759
2025-09-19,6.413759
2025-09-20,6.413759
2025-09-21,6.413759
2025-09-22,7.1806445
2025-09-23,7.1806445
2025-09-24,7.1806445
2025-09-25,7.1806445
2025-09-26,7.1806445
2025-09-27,7.1806445
2025-09-28,7.1806445
2025-09-29,8.601268
2025-09-30,8.601268
2025-10-01,8.601268
2025-10-02,8.601268
2025-10-03,8.601268
2025-10-04,8.601268
2025-10-05,8.601268
2025-10-06,7.205788
2025-10-07,7.205788
2025-10-08,7.205788
2025-10-09,7.205788
2025-10-10,7.205788
2025-10-11,7.205788
2025-10-12,7.205788
2025-10-13,5.85431
2025-10-14,5.85431
2025-10-15,5.85431
2025-10-16,5.85431
2025-10-17,5.85431
2025-10-18,5.85431
2025-10-19,5.85431
2025-10-20,4.6390276
2025-10-21,4.6390276
2025-10-22,4.6390276
2025-10-23,4.6390276
2025-10-24,4.6390276
2025-10-25,4.6390276
2025-10-26,4.6390276
2025-10-27,3.8365219
2025-10-28,3.8365219
2025-10-29,3.8365219
2025-10-30,3.8365219
2025-10-31,3.8365219
2025-11-01,3.8365219
2025-11-02,3.8365219
2025-11-03,2.9020114
2025-11-04,2.9020114
2025-11-05,2.9020114
2025-11-06,2.9020114
2025-11-07,2.9020114
2025-11-08,2.9020114
2025-11-09,2.9020114
2025-11-10,1.9905493
2025-11-11,1.9905493
2025-11-12,1.9905493
2025-11-13,1.9905493
2025-11-14,1.9905493
2025-11-15,1.9905493
2025-11-16,1.9905493
2025-11-17,1.602916
2025-11-18,1.602916
2025-11-19,1.602916
2025-11-20,1.602916
2025-11-21,1.602916
2025-11-22,1.602916
2025-11-23,1.602916
2025-11-24,1.8920695
2025-11-25,1.8920695
2025-11-26,1.8920695
2025-11-27,1.8920695
2025-11-28,1.8920695
2025-11-29,1.8920695
2025-11-30,1.8920695
2025-12-01,2.181223
2025-12-02,2.181223
2025-12-03,2.181223
2025-12-04,2.181223
2025-12-05,2.181223
2025-12-06,2.181223
2025-12-07,2.181223
2025-12-08,2.114173
2025-12-09,2.114173
2025-12-10,2.114173
2025-12-11,2.114173
2025-12-12,2.114173
2025-12-13,2.114173
2025-12-14,2.114173
2025-12-15,1.6909193
2025-12-16,1.6909193
2025-12-17,1.6909193
2025-12-18,1.6909193
2025-12-19,1.6909193
2025-12-20,1.6909193
2025-12-21,1.6909193
2025-12-22,1.5379612
2025-12-23,1.5379612
2025-12-24,1.5379612
2025-12-25,1.5379612
2025-12-26,1.5379612
2025-12-27,1.5379612
2025-12-28,1.5379612
2025-12-29,1.7181584
2025-12-30,1.7181584
2025-12-31,1.7181584
2026-01-01,1.7181584
2026-01-02,1.7181584
2026-01-03,1.7181584
2026-01-04,1.7181584
2026-01-05,1.6951098
2026-01-06,1.6951098
2026-01-07,1.6951098
2026-01-08,1.6951098
2026-01-09,1.6951098
2026-01-10,1.6951098
2026-01-11,1.6951098
2026-01-12,1.835496
2026-01-13,1.835496
2026-01-14,1.835496
2026-01-15,1.835496
2026-01-16,1.835496
2026-01-17,1.835496
2026-01-18,1.835496
2026-01-19,1.9989306
2026-01-20,1.9989306
2026-01-21,1.9989306
2026-01-22,1.9989306
2026-01-23,1.9989306
2026-01-24,1.9989306
2026-01-25,1.9989306
2026-01-26,1.8480679
2026-01-27,1.8480679
2026-01-28,1.8480679
2026-01-29,1.8480679
2026-01-30,1.8480679
2026-01-31,1.8480679
2026-02-01,1.8480679
2026-02-02,2.2713215
2026-02-03,2.2713215
2026-02-04,2.2713215
2026-02-05,2.2713215
2026-02-06,2.2713215
2026-02-07,2.2713215
2026-02-08,2.2713215
2026-02-09,2.1099823
2026-02-10,2.1099823
2026-02-11,2.1099823
2026-02-12,2.1099823
2026-02-13,2.1099823
2026-02-14,2.1099823
2026-02-15,2.1099823
2026-02-16,1.8941648
2026-02-17,1.8941648
2026-02-18,1.8941648
2026-02-19,1.8941648
2026-02-20,1.8941648
2026-02-21,1.8941648
2026-02-22,1.8941648
