date,Trust_Score,Stringency_z,Newcase_z,Death_z,Stringency_lag,Trust_lag,Cases_lag,Death_lag,Policy_change,Gap_signed,Gap_abs
2020-06-04,-0.0485071058706314,0.5554262470007367,-0.7534231872869057,0.06107776641548691,1.2578101950864446,-0.0485071058706314,-0.7347126578432883,0.09293262777523958,-0.7023839480857079,0.6039333528713682,0.6039333528713682
2020-06-05,0.0222717929170089,0.5554262470007367,-0.7552462652388279,0.02343107648211105,1.2578101950864446,-0.0485071058706314,-0.7386826507656681,0.06107776641548691,-0.7023839480857079,0.5331544540837279,0.5331544540837279
2020-06-06,0.359651210471428,0.5554262470007367,-0.7572772391495799,-0.027247187431145542,1.2578101950864446,0.0222717929170089,-0.7422568405555481,0.02343107648211105,-0.7023839480857079,0.19577503652930872,0.19577503652930872
2020-06-07,1.175967843155547,0.5554262470007367,-0.7589084125524113,-0.06103268135016572,1.2578101950864446,0.359651210471428,-0.7454952031086844,-0.027247187431145542,-0.7023839480857079,-0.6205415961548102,0.6205415961548102
2020-06-09,0.119824261844719,0.8797829539240374,-0.7616510242311365,-0.10929771215115407,1.2578101950864446,1.175967843155547,-0.7475981374092355,-0.06103268135016572,-0.37802724116240727,0.7599586920793184,0.7599586920793184
2020-06-10,-0.0485071058706314,0.8797829539240374,-0.7630103379442359,-0.12763842201275144,1.2578101950864446,0.119824261844719,-0.7503687345320181,-0.10929771215115407,-0.37802724116240727,0.9282900597946688,0.9282900597946688
2020-06-11,0.5637303686424577,0.8797829539240374,-0.7643176743285316,-0.17397282025447242,1.2578101950864446,-0.0485071058706314,-0.7511123570275247,-0.12763842201275144,-0.37802724116240727,0.31605258528157965,0.31605258528157965
2020-06-17,0.1638887578058007,0.7718585100736581,-0.7657049734856884,-0.30863219537755215,1.2578101950864446,0.5637303686424577,-0.7534231872869057,-0.17397282025447242,-0.4859516850127865,0.6079697522678574,0.6079697522678574
2020-06-18,0.1644450591773995,0.7718585100736581,-0.7659528489228941,-0.31683725706344357,1.2578101950864446,0.1638887578058007,-0.7552462652388279,-0.30863219537755215,-0.4859516850127865,0.6074134508962586,0.6074134508962586
2020-07-03,0.132896590281395,0.7718585100736581,-0.7764635287743934,-0.4867300659729045,1.2578101950864446,0.1644450591773995,-0.7572772391495799,-0.31683725706344357,-0.4859516850127865,0.6389619197922631,0.6389619197922631
2020-07-04,0.0955487704853895,0.690769333342833,-0.7769432863310103,-0.5094146415060377,1.2578101950864446,0.132896590281395,-0.7589084125524113,-0.4867300659729045,-0.5670408617436117,0.5952205628574435,0.5952205628574435
2020-07-05,-0.2671633467681633,0.690769333342833,-0.7773350863639238,-0.5243767904583698,1.2578101950864446,0.0955487704853895,-0.7616510242311365,-0.5094146415060377,-0.5670408617436117,0.9579326801109962,0.9579326801109962
2020-07-06,-0.1925629822266523,0.3664126264195323,-0.7783505733192998,-0.5345124501514391,1.2578101950864446,-0.2671633467681633,-0.7630103379442359,-0.5243767904583698,-0.8913975686669123,0.5589756086461846,0.5589756086461846
2020-07-07,-0.0485071058706314,0.3664126264195323,-0.777914793570507,-0.5432001492458937,1.2578101950864446,-0.1925629822266523,-0.7643176743285316,-0.5345124501514391,-0.8913975686669123,0.4149197322901637,0.4149197322901637
2020-07-08,0.2010861091586855,0.3664126264195323,-0.7779547730488826,-0.5504399038660418,0.7718585100736581,-0.0485071058706314,-0.7657049734856884,-0.5432001492458937,-0.4054458836541258,0.16532651726084682,0.16532651726084682
2020-07-09,-0.1618844159656479,0.3664126264195323,-0.7780107458450525,-0.5687805999068034,0.7718585100736581,0.2010861091586855,-0.7659528489228941,-0.5504399038660418,-0.4054458836541258,0.5282970423851803,0.5282970423851803
2020-07-10,-0.0485071058706314,0.3664126264195323,-0.777766869691323,-0.5721591539056508,0.7718585100736581,-0.1618844159656479,-0.7764635287743934,-0.5687805999068034,-0.4054458836541258,0.4149197322901637,0.4149197322901637
2020-07-11,-0.268284660824048,0.3664126264195323,-0.7773031016363902,-0.5721591539056508,0.7718585100736581,-0.0485071058706314,-0.7769432863310103,-0.5721591539056508,-0.4054458836541258,0.6346972872435803,0.6346972872435803
2020-07-12,-0.4683270883938925,0.3664126264195323,-0.7773031016363902,-0.574089749609356,0.7718585100736581,-0.268284660824048,-0.7773350863639238,-0.5721591539056508,-0.4054458836541258,0.8347397148134248,0.8347397148134248
2020-07-22,0.1381841419629563,0.3664126264195323,-0.7761996619274485,-0.6363516061726249,0.7718585100736581,-0.4683270883938925,-0.7783505733192998,-0.574089749609356,-0.4054458836541258,0.228228484456576,0.228228484456576
2020-07-23,-0.0859364711247067,0.3664126264195323,-0.7758678301580708,-0.6416607604821227,0.7718585100736581,0.1381841419629563,-0.777914793570507,-0.6363516061726249,-0.4054458836541258,0.452349097544239,0.452349097544239
2020-07-24,0.1847262177534025,0.3664126264195323,-0.7757119096199896,-0.6450393098740247,0.7718585100736581,-0.0859364711247067,-0.7779547730488826,-0.6416607604821227,-0.4054458836541258,0.1816864086661298,0.1816864086661298
2020-07-25,-0.0907303799749824,0.3664126264195323,-0.775328102429863,-0.637799564467767,0.7718585100736581,0.1847262177534025,-0.7780107458450525,-0.6450393098740247,-0.4054458836541258,0.4571430063945147,0.4571430063945147
2020-07-26,-0.320612650098671,0.3664126264195323,-0.7745604918657202,-0.6450393098740247,0.7718585100736581,-0.0907303799749824,-0.777766869691323,-0.637799564467767,-0.4054458836541258,0.6870252765182033,0.6870252765182033
2020-07-27,-0.6607445803837206,0.3664126264195323,-0.7744605403076986,-0.6489005104953257,0.7718585100736581,-0.320612650098671,-0.7773031016363902,-0.6450393098740247,-0.4054458836541258,1.027157206803253,1.027157206803253
2020-07-29,0.077522276748531,0.3664126264195323,-0.7738448529062159,-0.651313762035375,0.6633506908511152,-0.6607445803837206,-0.7773031016363902,-0.6489005104953257,-0.2969380644315829,0.2888903496710013,0.2888903496710013
2020-07-30,-0.1359696022296442,0.3664126264195323,-0.7735729913084289,-0.6537270112719519,0.6633506908511152,0.077522276748531,-0.7761996619274485,-0.651313762035375,-0.2969380644315829,0.5023822286491765,0.5023822286491765
2020-07-31,-0.5587050012982057,0.3664126264195323,-0.7725894881265588,-0.6566229140414002,0.6633506908511152,-0.1359696022296442,-0.7758678301580708,-0.6537270112719519,-0.2969380644315829,0.925117627717738,0.925117627717738
2020-08-01,-0.1165334919276413,0.690769333342833,-0.772037768272088,-0.6657932666687263,0.5554262470007367,-0.5587050012982057,-0.7757119096199896,-0.6566229140414002,0.13534308634209624,0.8073028252704743,0.8073028252704743
2020-08-02,-0.6607445803837206,0.690769333342833,-0.7723416145974084,-0.6600014657367749,0.5554262470007367,-0.1165334919276413,-0.775328102429863,-0.6657932666687263,0.13534308634209624,1.3515139137265537,1.3515139137265537
2020-08-05,0.071539457759386,0.690769333342833,-0.7714580610655047,-0.6662759155946526,0.5554262470007367,-0.6607445803837206,-0.7745604918657202,-0.6600014657367749,0.13534308634209624,0.619229875583447,0.619229875583447
2020-08-06,0.039687907208306,0.690769333342833,-0.7706184862954527,-0.6657932666687263,0.5554262470007367,0.071539457759386,-0.7744605403076986,-0.6662759155946526,0.13534308634209624,0.651081426134527,0.651081426134527
2020-08-07,0.028828154067864,0.690769333342833,-0.770502545235747,-0.673033012074984,0.5554262470007367,0.039687907208306,-0.7738448529062159,-0.6657932666687263,0.13534308634209624,0.661941179274969,0.661941179274969
2020-08-08,-0.1505466849561463,0.690769333342833,-0.769866867141049,-0.6711024163712788,0.5554262470007367,0.028828154067864,-0.7735729913084289,-0.673033012074984,0.13534308634209624,0.8413160182989793,0.8413160182989793
2020-08-09,-0.3156652765672522,0.690769333342833,-0.7687674228994733,-0.6744809680666535,0.8797829539240374,-0.1505466849561463,-0.7725894881265588,-0.6711024163712788,-0.1890136205812044,1.0064346099100852,1.0064346099100852
2020-08-10,-0.1359696022296442,0.690769333342833,-0.7681637295323087,-0.6735156679113282,0.8797829539240374,-0.3156652765672522,-0.772037768272088,-0.6744809680666535,-0.1890136205812044,0.8267389355724771,0.8267389355724771
2020-08-12,0.0191525611240765,0.690769333342833,-0.766156745598248,-0.6715850652972051,0.8797829539240374,-0.1359696022296442,-0.7723416145974084,-0.6735156679113282,-0.1890136205812044,0.6716167722187565,0.6716167722187565
2020-08-13,-0.0271499846666864,0.47433707026991156,-0.7649093774774881,-0.6749636169925798,0.7718585100736581,0.0191525611240765,-0.7714580610655047,-0.6715850652972051,-0.29752143980374657,0.501487054936598,0.501487054936598
2020-08-14,-0.1709546007732492,0.47433707026991156,-0.7643056822022685,-0.6696544672900273,0.7718585100736581,-0.0271499846666864,-0.7706184862954527,-0.6749636169925798,-0.29752143980374657,0.6452916710431608,0.6452916710431608
2020-08-15,-0.3400487604006739,0.47433707026991156,-0.7641017855269145,-0.6686891625277568,0.7718585100736581,-0.1709546007732492,-0.770502545235747,-0.6696544672900273,-0.29752143980374657,0.8143858306705855,0.8143858306705855
2020-08-16,-0.3267968670129446,0.47433707026991156,-0.7632542121899103,-0.6715850652972051,0.690769333342833,-0.3400487604006739,-0.769866867141049,-0.6686891625277568,-0.2164322630729214,0.8011339372828561,0.8011339372828561
2020-08-19,-0.0733275440265674,0.47433707026991156,-0.7641417650052902,-0.6749636169925798,0.690769333342833,-0.3267968670129446,-0.7687674228994733,-0.6715850652972051,-0.2164322630729214,0.547664614296479,0.547664614296479
2020-08-20,-0.2193640755021912,0.47433707026991156,-0.765189233826117,-0.6773768639256839,0.3664126264195323,-0.0733275440265674,-0.7681637295323087,-0.6749636169925798,0.10792444385037925,0.6937011457721027,0.6937011457721027
2020-08-21,-0.4566654222126908,0.47433707026991156,-0.7650293140045598,-0.6826860228421269,0.3664126264195323,-0.2193640755021912,-0.766156745598248,-0.6773768639256839,0.10792444385037925,0.9310024924826024,0.9310024924826024
2020-08-22,-0.1925629822266524,0.47433707026991156,-0.7636620055406181,-0.6860645676270837,0.3664126264195323,-0.4566654222126908,-0.7649093774774881,-0.6826860228421269,0.10792444385037925,0.666900052496564,0.666900052496564
2020-08-23,-0.3310782479535957,0.47433707026991156,-0.7635300730711734,-0.6899257682483847,0.3664126264195323,-0.1925629822266524,-0.7643056822022685,-0.6860645676270837,0.10792444385037925,0.8054153182235073,0.8054153182235073
2020-08-24,-0.0485071058706314,0.47433707026991156,-0.7630183346031331,-0.6952349179509372,0.3664126264195323,-0.3310782479535957,-0.7641017855269145,-0.6899257682483847,0.10792444385037925,0.522844176140543,0.522844176140543
2020-08-25,0.8698491058990023,0.47433707026991156,-0.7621027963436959,-0.6942696200990846,0.3664126264195323,-0.0485071058706314,-0.7632542121899103,-0.6952349179509372,0.10792444385037925,-0.39551203562909076,0.39551203562909076
2020-08-27,0.0302957373835285,0.47433707026991156,-0.7614791141913712,-0.6966828693356613,0.3664126264195323,0.8698491058990023,-0.7641417650052902,-0.6942696200990846,0.10792444385037925,0.4440413328863831,0.4440413328863831
2020-08-28,-0.1281477529617649,0.47433707026991156,-0.7610553256148139,-0.6952349179509372,0.3664126264195323,0.0302957373835285,-0.765189233826117,-0.6966828693356613,0.10792444385037925,0.6024848232316764,0.6024848232316764
2020-08-29,-0.2368878672592742,0.47433707026991156,-0.7606835124590056,-0.6971655182615876,0.3664126264195323,-0.1281477529617649,-0.7650293140045598,-0.6952349179509372,0.10792444385037925,0.7112249375291857,0.7112249375291857
2020-08-30,-0.4937707236983326,0.47433707026991156,-0.759028350987538,-0.696200220409735,0.3664126264195323,-0.2368878672592742,-0.7636620055406181,-0.6971655182615876,0.10792444385037925,0.9681077939682441,0.9681077939682441
2020-08-31,-0.354625843127176,0.47433707026991156,-0.757477140357568,-0.6981308207203855,0.3664126264195323,-0.4937707236983326,-0.7635300730711734,-0.696200220409735,0.10792444385037925,0.8289629133970875,0.8289629133970875
2020-09-02,0.0232985238562123,0.3664126264195323,-0.7552662559320431,-0.6966828693356613,0.3664126264195323,-0.354625843127176,-0.7630183346031331,-0.6981308207203855,0.0,0.34311410256332003,0.34311410256332003
2020-09-03,-0.5732820840247078,0.3664126264195323,-0.751196317175807,-0.7019920190382137,0.3664126264195323,0.0232985238562123,-0.7621027963436959,-0.6966828693356613,0.0,0.9396947104442401,0.9396947104442401
2020-09-04,-1.2729820548968098,0.3664126264195323,-0.7444437311882713,-0.7024746725710853,0.3664126264195323,-0.5732820840247078,-0.7614791141913712,-0.7019920190382137,0.0,1.6393946813163423,1.6393946813163423
2020-09-05,0.359651210471428,0.3664126264195323,-0.7382028932090512,-0.7039226193488642,0.3664126264195323,-1.2729820548968098,-0.7610553256148139,-0.7024746725710853,0.0,0.00676141594810431,0.00676141594810431
2020-09-06,-0.0485071058706314,0.3664126264195323,-0.7323658492970628,-0.7024746725710853,0.3664126264195323,0.359651210471428,-0.7606835124590056,-0.7039226193488642,0.0,0.4149197322901637,0.4149197322901637
2020-09-09,-0.0525261702547436,0.3664126264195323,-0.7122440288115418,-0.6957175714838087,0.690769333342833,-0.0485071058706314,-0.759028350987538,-0.7024746725710853,-0.32435670692330065,0.4189387966742759,0.4189387966742759
2020-09-10,-0.1409203095707203,0.3664126264195323,-0.7079182236833682,-0.6933043199437593,0.690769333342833,-0.0525261702547436,-0.757477140357568,-0.6957175714838087,-0.32435670692330065,0.5073329359902526,0.5073329359902526
2020-09-11,-0.7482070767427332,0.3664126264195323,-0.706766807837154,-0.6937869688696856,0.690769333342833,-0.1409203095707203,-0.7552662559320431,-0.6933043199437593,-0.32435670692330065,1.1146197031622656,1.1146197031622656
2020-09-12,0.0628087985862938,0.3664126264195323,-0.7048637671123704,-0.6904084171743109,0.690769333342833,-0.7482070767427332,-0.751196317175807,-0.6937869688696856,-0.32435670692330065,0.3036038278332385,0.3036038278332385
2020-09-15,-0.215956671549425,0.4475018031503575,-0.7047038472908131,-0.6807554133175858,0.690769333342833,0.0628087985862938,-0.7444437311882713,-0.6904084171743109,-0.2432675301924755,0.6634584746997825,0.6634584746997825
2020-09-16,-0.1462873195859705,0.4475018031503575,-0.7067148305083499,-0.68220336470231,0.690769333342833,-0.215956671549425,-0.7382028932090512,-0.6807554133175858,-0.2432675301924755,0.593789122736328,0.593789122736328
2020-09-17,-0.1505466849561463,0.4475018031503575,-0.7059911929818935,-0.6773768639256839,0.690769333342833,-0.1462873195859705,-0.7323658492970628,-0.68220336470231,-0.2432675301924755,0.5980484881065038,0.5980484881065038
2020-09-18,-0.354625843127176,0.4475018031503575,-0.7018572904947555,-0.669171818364101,0.690769333342833,-0.1505466849561463,-0.7122440288115418,-0.6773768639256839,-0.2432675301924755,0.8021276462775335,0.8021276462775335
2020-09-19,-0.6607445803837206,0.4475018031503575,-0.6976714106788138,-0.658553512048578,0.690769333342833,-0.354625843127176,-0.7079182236833682,-0.669171818364101,-0.2432675301924755,1.1082463835340781,1.1082463835340781
2020-09-20,1.175967843155547,0.4475018031503575,-0.6910787406967251,-0.6532443623460256,0.47433707026991156,-0.6607445803837206,-0.706766807837154,-0.658553512048578,-0.026835267119554085,-0.7284660400051894,0.7284660400051894
2020-09-23,-0.0095524415325769,0.4475018031503575,-0.6606781282032815,-0.6382822110902207,0.47433707026991156,1.175967843155547,-0.7048637671123704,-0.6532443623460256,-0.026835267119554085,0.4570542446829344,0.4570542446829344
2020-09-24,-0.4086467967606839,0.5554262470007367,-0.6491239769063764,-0.6320077589288703,0.47433707026991156,-0.0095524415325769,-0.7047038472908131,-0.6382822110902207,0.08108917673082516,0.9640730437614207,0.9640730437614207
2020-09-25,-0.0485071058706314,0.5554262470007367,-0.6383414430893106,-0.6189762079837159,0.47433707026991156,-0.4086467967606839,-0.7067148305083499,-0.6320077589288703,0.08108917673082516,0.6039333528713682,0.6039333528713682
2020-09-26,-0.0485071058706314,0.5554262470007367,-0.6263195206378863,-0.6209068175082569,0.47433707026991156,-0.0485071058706314,-0.7059911929818935,-0.6189762079837159,0.08108917673082516,0.6039333528713682,0.6039333528713682
2020-10-02,-0.0050860083874336,0.5554262470007367,-0.5469556977187859,-0.5798815551482528,0.47433707026991156,-0.0485071058706314,-0.7018572904947555,-0.6209068175082569,0.08108917673082516,0.5605122553881703,0.5605122553881703
2020-10-03,-0.0786171456007833,0.5554262470007367,-0.5242671672455608,-0.5620234919091088,0.47433707026991156,-0.0050860083874336,-0.6976714106788138,-0.5798815551482528,0.08108917673082516,0.63404339260152,0.63404339260152
2020-10-04,-0.4806747349386943,0.5554262470007367,-0.49813639090023093,-0.5456133915720525,0.47433707026991156,-0.0786171456007833,-0.6910787406967251,-0.5620234919091088,0.08108917673082516,1.036100981939431,1.036100981939431
2020-10-05,-1.2729820548968096,0.5554262470007367,-0.47871822869628183,-0.5345124501514391,0.47433707026991156,-0.4806747349386943,-0.6606781282032815,-0.5456133915720525,0.08108917673082516,1.8284083018975463,1.8284083018975463
2020-10-06,-0.0934419663853535,0.5554262470007367,-0.45900819130466936,-0.531133900759537,0.47433707026991156,-1.2729820548968096,-0.6491239769063764,-0.5345124501514391,0.08108917673082516,0.6488682133860902,0.6488682133860902
2020-10-14,-0.1606727500562355,0.12372847159922135,-0.33601047604372214,-0.3863388774607513,0.47433707026991156,-0.0934419663853535,-0.6383414430893106,-0.531133900759537,-0.3506085986706902,0.28440122165545684,0.28440122165545684
2020-10-15,-0.0196959305994272,0.12372847159922135,-0.3285502286750283,-0.3694461305012412,0.47433707026991156,-0.1606727500562355,-0.6263195206378863,-0.3863388774607513,-0.3506085986706902,0.14342440219864855,0.14342440219864855
2020-10-16,-0.2934020956758671,0.12372847159922135,-0.3231649530594892,-0.3636543019276181,0.47433707026991156,-0.0196959305994272,-0.5469556977187859,-0.3694461305012412,-0.3506085986706902,0.41713056727508846,0.41713056727508846
2020-10-17,-0.1709546007732492,0.12372847159922135,-0.3224413040847021,-0.33710857644958203,0.47433707026991156,-0.2934020956758671,-0.5242671672455608,-0.3636543019276181,-0.3506085986706902,0.29468307237247054,0.29468307237247054
2020-10-18,-0.3659635741366777,0.12372847159922135,-0.3143574089086752,-0.30525366902037654,0.47433707026991156,-0.1709546007732492,-0.49813639090023093,-0.33710857644958203,-0.3506085986706902,0.48969204573589903,0.48969204573589903
2020-10-19,-0.8277184370691085,0.4475018031503575,-0.3054259365795338,-0.2671242863950943,0.47433707026991156,-0.3659635741366777,-0.47871822869628183,-0.30525366902037654,-0.026835267119554085,1.2752202402194661,1.2752202402194661
2020-10-28,-0.0211953969704192,0.9877073977744157,-0.1722133911335105,0.059147133856219405,0.3664126264195323,-0.8277184370691085,-0.45900819130466936,-0.2671242863950943,0.6212947713548834,1.008902794744835,1.008902794744835
2020-10-29,-0.2682018196800776,0.9877073977744157,-0.1772588230563339,0.0953458839222343,0.3664126264195323,-0.0211953969704192,-0.33601047604372214,0.059147133856219405,0.6212947713548834,1.2559092174544935,1.2559092174544935
2020-10-30,-0.4566654222126908,0.9877073977744157,-0.18450714274578503,0.11899575270027479,0.3664126264195323,-0.2682018196800776,-0.3285502286750283,0.0953458839222343,0.6212947713548834,1.4443728199871066,1.4443728199871066
2020-10-31,0.0456832748236899,0.9877073977744157,-0.18395140261923199,0.1566424887031035,0.3664126264195323,-0.4566654222126908,-0.3231649530594892,0.11899575270027479,0.6212947713548834,0.9420241229507258,0.9420241229507258
2020-11-01,-0.5732820840247078,0.9877073977744157,-0.17916987379640015,0.217939001345067,0.3664126264195323,0.0456832748236899,-0.3224413040847021,0.1566424887031035,0.6212947713548834,1.5609894817991234,1.5609894817991234
2020-11-02,-0.0485071058706314,0.9877073977744157,-0.1782143198055407,0.27633963425230856,0.3664126264195323,-0.5732820840247078,-0.3143574089086752,0.217939001345067,0.6212947713548834,1.0362145036450472,1.0362145036450472
2020-11-03,-0.0485071058706314,0.9877073977744157,-0.17791448802813717,0.3265352976125644,0.3664126264195323,-0.0485071058706314,-0.3054259365795338,0.27633963425230856,0.6212947713548834,1.0362145036450472,1.0362145036450472
2020-11-11,-0.093269751412862,0.3932478935390864,-0.1219188333582607,0.6363965944920953,0.3664126264195323,-0.0485071058706314,-0.1722133911335105,0.3265352976125644,0.026835267119554085,0.4865176449519484,0.4865176449519484
2020-11-12,-0.3071989965099648,0.3932478935390864,-0.1145385716590893,0.6523241864150565,0.3664126264195323,-0.093269751412862,-0.1772588230563339,0.6363965944920953,0.026835267119554085,0.7004468900490513,0.7004468900490513
2020-11-13,-0.3824548192414074,0.3932478935390864,-0.09962610983364556,0.6856269646074438,0.4475018031503575,-0.3071989965099648,-0.18450714274578503,0.6523241864150565,-0.05425390961127108,0.7757027127804939,0.7757027127804939
2020-11-14,-0.8648237385547501,0.3932478935390864,-0.09657566399445441,0.706380884546583,0.4475018031503575,-0.3824548192414074,-0.18395140261923199,0.6856269646074438,-0.05425390961127108,1.2580716320938365,1.2580716320938365
2020-11-15,-0.6607445803837205,0.3932478935390864,-0.09366114800012923,0.7223083843306387,0.4475018031503575,-0.8648237385547501,-0.17916987379640015,0.706380884546583,-0.05425390961127108,1.0539924739228068,1.0539924739228068
2020-11-16,0.1614028853909991,0.3932478935390864,-0.09583201860228678,0.7425796806820506,0.4475018031503575,-0.6607445803837205,-0.1782143198055407,0.7223083843306387,-0.05425390961127108,0.2318450081480873,0.2318450081480873
2020-12-16,-0.0756841084384134,0.8797829539240374,-0.12544104581933677,0.8873746809461099,0.4475018031503575,0.1614028853909991,-0.17791448802813717,0.7425796806820506,0.4322811507736799,0.9554670623624508,0.9554670623624508
2020-12-17,-0.245549051690936,0.8797829539240374,-0.07221600162862848,0.9037848503873458,0.4475018031503575,-0.0756841084384134,-0.1219188333582607,0.8873746809461099,0.4322811507736799,1.1253320056149734,1.1253320056149734
2020-12-18,-0.0485071058706314,0.8797829539240374,-0.01817129513082473,0.9211601748651302,0.4475018031503575,-0.245549051690936,-0.1145385716590893,0.9037848503873458,0.4322811507736799,0.9282900597946688,0.9282900597946688
2020-12-19,-0.3310782479535957,1.0956318416247943,0.027889345633447558,0.9554284075455096,0.5554262470007367,-0.0485071058706314,-0.09962610983364556,0.9211601748651302,0.5402055946240576,1.42671008957839,1.42671008957839
2020-12-20,-0.4858195876656951,1.0956318416247943,0.07598103472262073,1.0012801130953242,0.5554262470007367,-0.3310782479535957,-0.09657566399445441,0.9554284075455096,0.5402055946240576,1.5814514292904893,1.5814514292904893
2020-12-21,-0.6967585494727258,1.0956318416247943,0.0999728622275083,1.030239163824534,0.5554262470007367,-0.4858195876656951,-0.09366114800012923,1.0012801130953242,0.5402055946240576,1.79239039109752,1.79239039109752
2020-12-22,-0.3983570913066824,1.0956318416247943,0.14315100416192558,1.0640246116741015,0.5554262470007367,-0.6967585494727258,-0.09583201860228678,1.030239163824534,0.5402055946240576,1.4939889329314768,1.4939889329314768
2020-12-30,-0.1286891502574733,1.2578101950864446,0.29406263049479586,1.5037187713827225,0.5554262470007367,-0.3983570913066824,-0.12544104581933677,1.0640246116741015,0.7023839480857079,1.386499345343918,1.386499345343918
2020-12-31,0.1782475143194016,1.2578101950864446,0.4404485027901272,1.5442615022939052,0.5554262470007367,-0.1286891502574733,-0.07221600162862848,1.5037187713827225,0.7023839480857079,1.079562680767043,1.079562680767043
2021-01-01,-1.2729820548968098,1.2578101950864446,0.5572894012778998,1.6074886014256835,0.5554262470007367,0.1782475143194016,-0.01817129513082473,1.5442615022939052,0.7023839480857079,2.5307922499832545,2.5307922499832545
2021-01-02,-0.0485071058706314,1.2578101950864446,0.6434657555514106,1.7069145427623822,0.5554262470007367,-1.2729820548968098,0.027889345633447558,1.6074886014256835,0.7023839480857079,1.306317300957076,1.306317300957076
2021-01-03,-0.3824548192414073,1.2578101950864446,0.7156812523162936,1.7802773822087716,0.12372847159922135,-0.0485071058706314,0.07598103472262073,1.7069145427623822,1.1340817234872234,1.6402650143278519,1.6402650143278519
2021-01-04,-0.43811277146987,1.2578101950864446,0.7978157734850967,1.8483309475650864,0.12372847159922135,-0.3824548192414073,0.0999728622275083,1.7802773822087716,1.1340817234872234,1.6959229665563147,1.6959229665563147
2021-01-05,-0.0485071058706314,1.743761880099231,0.8290598894340299,1.8912867964149056,0.12372847159922135,-0.43811277146987,0.14315100416192558,1.8483309475650864,1.6200334085000097,1.7922689859698624,1.7922689859698624
2021-01-13,-0.0417170414582866,1.743761880099231,0.6548999665051339,2.922709976676097,0.12372847159922135,-0.0485071058706314,0.29406263049479586,1.8912867964149056,1.6200334085000097,1.7854789215575175,1.7854789215575175
2021-01-14,-0.2169751357702063,1.743761880099231,0.5909684244928387,3.0892243283325618,0.12372847159922135,-0.0417170414582866,0.4404485027901272,2.922709976676097,1.6200334085000097,1.9607370158694373,1.9607370158694373
2021-01-15,-0.5276494772287011,1.743761880099231,0.5418931711640326,3.23064096348253,0.4475018031503575,-0.2169751357702063,0.5572894012778998,3.0892243283325618,1.2962600769488735,2.271411357327932,2.271411357327932
2021-01-16,-0.5166887040276995,1.743761880099231,0.5030529352431923,3.369644250346598,0.9877073977744157,-0.5276494772287011,0.6434657555514106,3.23064096348253,0.7560544823248152,2.2604505841269305,2.2604505841269305
2021-01-17,-0.2015664744989037,1.743761880099231,0.4764543610305721,3.4999595294508787,0.9877073977744157,-0.5166887040276995,0.7156812523162936,3.369644250346598,0.7560544823248152,1.9453283545981346,1.9453283545981346
2021-01-18,-0.5494286759267953,1.743761880099231,0.44133212310395925,3.656338140792731,0.9877073977744157,-0.2015664744989037,0.7978157734850967,3.4999595294508787,0.7560544823248152,2.293190556026026,2.293190556026026
2021-01-19,-0.0485071058706314,1.743761880099231,0.41101942424895177,3.7470765350641697,0.9877073977744157,-0.5494286759267953,0.8290598894340299,3.656338140792731,0.7560544823248152,1.7922689859698624,1.7922689859698624
2021-01-27,-0.1266650813403874,1.743761880099231,0.04506067756196423,3.762521088774329,0.9877073977744157,-0.0485071058706314,0.6548999665051339,3.7470765350641697,0.7560544823248152,1.8704269614396183,1.8704269614396183
2021-01-28,0.1292392576976847,1.743761880099231,-0.006093439952387602,3.610486366138738,0.9877073977744157,-0.1266650813403874,0.5909684244928387,3.762521088774329,0.7560544823248152,1.6145226224015463,1.6145226224015463
2021-01-29,-0.2082212296566546,1.743761880099231,-0.04480587434306054,3.5380889120761605,0.9877073977744157,0.1292392576976847,0.5418931711640326,3.610486366138738,0.7560544823248152,1.9519831097558855,1.9519831097558855
2021-01-30,-0.4566654222126909,1.743761880099231,-0.0757061969252346,3.47872312413237,0.3932478935390864,-0.2082212296566546,0.5030529352431923,3.5380889120761605,1.3505139865601445,2.2004273023119216,2.2004273023119216
2021-01-31,-0.3983570913066824,1.743761880099231,-0.1072742433874032,3.3928111960854688,0.3932478935390864,-0.4566654222126909,0.4764543610305721,3.47872312413237,1.3505139865601445,2.1421189714059135,2.1421189714059135
2021-02-01,-0.6607445803837206,1.743761880099231,-0.1279717565315905,3.2663567674746483,0.3932478935390864,-0.3983570913066824,0.44133212310395925,3.3928111960854688,1.3505139865601445,2.404506460482952,2.404506460482952
2021-02-02,-0.0154131883293833,1.743761880099231,-0.13505212921170562,3.1481077691053416,0.3932478935390864,-0.6607445803837206,0.41101942424895177,3.2663567674746483,1.3505139865601445,1.7591750684286143,1.7591750684286143
2021-02-10,0.2117677625214064,1.743761880099231,-0.33403146038122294,2.1277854841953108,0.3932478935390864,-0.0154131883293833,0.04506067756196423,3.1481077691053416,1.3505139865601445,1.5319941175778244,1.5319941175778244
2021-02-11,-0.0845210749596366,1.743761880099231,-0.358179233228908,2.011466795899102,0.3932478935390864,0.2117677625214064,-0.006093439952387602,2.1277854841953108,1.3505139865601445,1.8282829550588675,1.8282829550588675
2021-02-12,-0.4252686286479171,1.743761880099231,-0.3822270621507919,1.8835644043861939,0.8797829539240374,-0.0845210749596366,-0.04480587434306054,2.011466795899102,0.8639789261751936,2.169030508747148,2.169030508747148
2021-02-13,-0.1205350440486419,1.743761880099231,-0.4036322347680823,1.810684372805343,0.8797829539240374,-0.4252686286479171,-0.0757061969252346,1.8835644043861939,0.8639789261751936,1.8642969241478728,1.8642969241478728
2021-02-14,0.0535324732148834,1.743761880099231,-0.41856066701465916,1.6977441878315835,0.8797829539240374,-0.1205350440486419,-0.1072742433874032,1.810684372805343,0.8639789261751936,1.6902294068843475,1.6902294068843475
2021-02-15,-0.5382970854811028,1.743761880099231,-0.4316940391903079,1.6007315947807852,1.0956318416247943,0.0535324732148834,-0.1279717565315905,1.6977441878315835,0.6481300384744366,2.2820589655803336,2.2820589655803336
2021-02-24,0.1860765159428048,1.6358374362488526,-0.49269915894449406,0.8497279910127343,1.0956318416247943,-0.5382970854811028,-0.13505212921170562,1.6007315947807852,0.5402055946240583,1.4497609203060478,1.4497609203060478
2021-02-25,0.2576116313859131,1.6358374362488526,-0.5053967313367715,0.7585071343966534,1.0956318416247943,0.1860765159428048,-0.33403146038122294,0.8497279910127343,0.5402055946240583,1.3782258048629394,1.3782258048629394
2021-02-26,1.175967843155547,1.6358374362488526,-0.5177704686185686,0.6919014628382468,1.0956318416247943,0.2576116313859131,-0.358179233228908,0.7585071343966534,0.5402055946240583,0.45986959309330566,0.45986959309330566
2021-02-27,-0.4566654222126909,1.6358374362488526,-0.5328388185451568,0.6117814555038738,1.2578101950864446,1.175967843155547,-0.3822270621507919,0.6919014628382468,0.37802724116240793,2.0925028584615433,2.0925028584615433
2021-02-28,-0.0485071058706314,1.6358374362488526,-0.5486148470253991,0.5316616094125856,1.2578101950864446,-0.4566654222126909,-0.4036322347680823,0.6117814555038738,0.37802724116240793,1.684344542119484,1.684344542119484
2021-03-01,-0.6607445803837205,1.6358374362488526,-0.5620640404801354,0.46215994294582496,1.2578101950864446,-0.0485071058706314,-0.41856066701465916,0.5316616094125856,0.37802724116240793,2.296582016632573,2.296582016632573
2021-03-10,0.2590094338391394,1.4199885485480948,-0.6328202376289056,-0.010837110128815563,1.2578101950864446,-0.6607445803837205,-0.4316940391903079,0.46215994294582496,0.1621783534616501,1.1609791147089554,1.1609791147089554
2021-03-11,0.0258768863599308,1.4199885485480948,-0.6345393571071097,-0.039313468166119,1.2578101950864446,0.2590094338391394,-0.49269915894449406,-0.010837110128815563,0.1621783534616501,1.394111662188164,1.394111662188164
2021-03-12,0.081756186578962,1.4199885485480948,-0.6342275160309473,-0.06682450992378879,1.2578101950864446,0.0258768863599308,-0.5053967313367715,-0.039313468166119,0.1621783534616501,1.3382323619691328,1.3382323619691328
2021-03-13,-0.1250367901847676,1.3120641046977164,-0.6342435131648517,-0.09626618424072608,1.743761880099231,0.081756186578962,-0.5177704686185686,-0.06682450992378879,-0.43169777540151455,1.437100894882484,1.437100894882484
2021-03-14,0.126417886847394,1.3120641046977164,-0.6332440090329671,-0.13825669377618482,1.743761880099231,-0.1250367901847676,-0.5328388185451568,-0.09626618424072608,-0.43169777540151455,1.1856462178503224,1.1856462178503224
2021-03-15,-0.5382970854811028,1.2035562854751736,-0.6342315114983132,-0.17397282025447242,1.743761880099231,0.126417886847394,-0.5486148470253991,-0.13825669377618482,-0.5402055946240574,1.7418533709562762,1.7418533709562762
2021-03-16,0.2396046468414105,1.2035562854751736,-0.6341715413267224,-0.20244917829177583,1.743761880099231,-0.5382970854811028,-0.5620640404801354,-0.17397282025447242,-0.5402055946240574,0.9639516386337631,0.9639516386337631
2021-03-24,0.1939631810652454,1.2035562854751736,-0.639508848437209,-0.3679981445644274,1.743761880099231,0.2396046468414105,-0.6328202376289056,-0.20244917829177583,-0.5402055946240574,1.0095931044099282,1.0095931044099282
2021-03-25,0.1282543697105754,1.2035562854751736,-0.6410240731481144,-0.3771684994952262,1.743761880099231,0.1939631810652454,-0.6345393571071097,-0.3679981445644274,-0.5402055946240574,1.0753019157645982,1.0753019157645982
2021-03-26,-0.1565490131376471,1.2035562854751736,-0.640040585230685,-0.40467956428762236,1.743761880099231,0.1282543697105754,-0.6342275160309473,-0.3771684994952262,-0.5402055946240574,1.3601052986128206,1.3601052986128206
2021-03-27,0.0591390434943073,0.717604600462387,-0.6401045432374214,-0.41481523549805477,1.743761880099231,-0.1565490131376471,-0.6342435131648517,-0.40467956428762236,-1.0261572796368439,0.6584655569680797,0.6584655569680797
2021-03-28,-0.0031561818326248,0.717604600462387,-0.6425552988090343,-0.4288120796881165,1.743761880099231,0.0591390434943073,-0.6332440090329671,-0.41481523549805477,-1.0261572796368439,0.7207607822950118,0.7207607822950118
2021-03-29,0.3162301129882302,0.717604600462387,-0.6446182574473199,-0.44618747327008024,1.743761880099231,-0.0031561818326248,-0.6342315114983132,-0.4288120796881165,-1.0261572796368439,0.4013744874741568,0.4013744874741568
2021-04-07,0.3665691480365476,0.717604600462387,-0.7071506112111703,-0.5600928985088763,1.743761880099231,0.3162301129882302,-0.6341715413267224,-0.44618747327008024,-1.0261572796368439,0.35103545242583944,0.35103545242583944
2021-04-09,0.2117677625214064,0.717604600462387,-0.7118642247210016,-0.5784336014600558,1.743761880099231,0.3665691480365476,-0.639508848437209,-0.5600928985088763,-1.0261572796368439,0.5058368379409807,0.5058368379409807
2021-04-10,0.19267735378604,0.717604600462387,-0.7139711563969737,-0.5793988993119085,1.743761880099231,0.2117677625214064,-0.6410240731481144,-0.5784336014600558,-1.0261572796368439,0.524927246676347,0.524927246676347
2021-04-11,0.0938737021556683,0.717604600462387,-0.7131475730366609,-0.5851907071542779,1.743761880099231,0.19267735378604,-0.640040585230685,-0.5793988993119085,-1.0261572796368439,0.6237308983067188,0.6237308983067188
2021-04-12,0.6511928650014704,0.1773990058383287,-0.713659311504701,-0.5847080444075157,1.743761880099231,0.0938737021556683,-0.6401045432374214,-0.5851907071542779,-1.5663628742609021,-0.47379385916314176,0.47379385916314176
2021-04-21,0.1884049768011002,0.1773990058383287,-0.7274883147741429,-0.6228374109084895,1.743761880099231,0.6511928650014704,-0.6425552988090343,-0.5847080444075157,-1.5663628742609021,-0.011005970962771477,0.011005970962771477
2021-04-22,-0.0014119155234707,0.1773990058383287,-0.7273044049758941,-0.6286292095369683,1.743761880099231,0.1884049768011002,-0.6446182574473199,-0.6228374109084895,-1.5663628742609021,0.1788109213617994,0.1788109213617994
2021-05-05,0.2744464440969913,0.09630982910750356,-0.7393742997484809,-0.6812380668504574,1.743761880099231,-0.0014119155234707,-0.7071506112111703,-0.6286292095369683,-1.6474520509917274,-0.17813661498948774,0.17813661498948774
2021-05-06,0.2297826552716818,0.09630982910750356,-0.7378750588150945,-0.6860645676270837,1.743761880099231,0.2744464440969913,-0.7118642247210016,-0.6812380668504574,-1.6474520509917274,-0.13347282616417822,0.13347282616417822
2021-05-07,0.1555720523003982,0.09630982910750356,-0.7375952005584105,-0.6855819163976847,1.743761880099231,0.2297826552716818,-0.7139711563969737,-0.6860645676270837,-1.6474520509917274,-0.059262223192894634,0.059262223192894634
2021-05-08,-0.6607445803837206,0.09630982910750356,-0.737211395276339,-0.6855819163976847,1.743761880099231,0.1555720523003982,-0.7131475730366609,-0.6855819163976847,-1.6474520509917274,0.7570544094912242,0.7570544094912242
2021-05-09,0.4412828737398399,0.09630982910750356,-0.736583711932483,-0.6846166185458321,1.6358374362488526,-0.6607445803837206,-0.713659311504701,-0.6855819163976847,-1.539527607141349,-0.3449730446323363,0.3449730446323363
2021-05-10,-0.0485071058706314,0.09630982910750356,-0.7358800670072969,-0.6826860228421269,1.6358374362488526,0.4412828737398399,-0.7274883147741429,-0.6846166185458321,-1.539527607141349,0.14481693497813497,0.14481693497813497
2021-05-11,-0.4566654222126909,0.09630982910750356,-0.7327376605448161,-0.6865472188564826,1.6358374362488526,-0.0485071058706314,-0.7273044049758941,-0.6826860228421269,-1.539527607141349,0.5529752513201944,0.5529752513201944
2021-05-12,0.1963878839346042,0.09630982910750356,-0.7298391245118996,-0.6908910707071826,1.6358374362488526,-0.4566654222126909,-0.7393742997484809,-0.6865472188564826,-1.539527607141349,-0.10007805482710065,0.10007805482710065
2021-05-19,0.1455948490120368,0.2584881825691539,-0.7336851778076215,-0.6928216687143604,1.6358374362488526,0.1963878839346042,-0.7378750588150945,-0.6908910707071826,-1.3773492536796987,0.11289333355711711,0.11289333355711711
2021-05-20,0.1803667163772523,0.2584881825691539,-0.7317541592710011,-0.6976481717944591,1.6358374362488526,0.1455948490120368,-0.7375952005584105,-0.6928216687143604,-1.3773492536796987,0.0781214661919016,0.0781214661919016
2021-05-21,-0.2234320985886569,0.2584881825691539,-0.7298431276114858,-0.7029573214970116,1.4199885485480948,0.1803667163772523,-0.737211395276339,-0.6976481717944591,-1.161500365978941,0.4819202811578108,0.4819202811578108
2021-05-22,-0.320612650098671,0.2584881825691539,-0.7285038007754915,-0.7068185221183125,1.4199885485480948,-0.2234320985886569,-0.736583711932483,-0.7029573214970116,-1.161500365978941,0.5791008326678249,0.5791008326678249
2021-05-23,-0.0485071058706314,0.2584881825691539,-0.726788669132433,-0.7048879218076621,1.4199885485480948,-0.320612650098671,-0.7358800670072969,-0.7068185221183125,-1.161500365978941,0.3069952884397853,0.3069952884397853
2021-05-24,1.175967843155547,0.2584881825691539,-0.7253014222333647,-0.7101970715102147,1.3120641046977164,-0.0485071058706314,-0.7327376605448161,-0.7048879218076621,-1.0535759221285625,-0.9174796605863931,0.9174796605863931
2021-05-25,0.3724061578571174,0.2584881825691539,-0.7236902414318038,-0.7092317736583621,1.3120641046977164,1.175967843155547,-0.7298391245118996,-0.7101970715102147,-1.0535759221285625,-0.11391797528796349,0.11391797528796349
2021-05-26,0.2576116313859131,0.2584881825691539,-0.7216472696706233,-0.7077838222736379,1.2035562854751736,0.3724061578571174,-0.7336851778076215,-0.7092317736583621,-0.9450681029060197,0.0008765511832408146,0.0008765511832408146
2021-05-27,-0.0485071058706314,0.2584881825691539,-0.7191885193481684,-0.7077838222736379,1.2035562854751736,0.2576116313859131,-0.7317541592710011,-0.7077838222736379,-0.9450681029060197,0.3069952884397853,0.3069952884397853
2021-05-29,-2.497457003922988,0.2584881825691539,-0.7098372481856705,-0.7024746725710853,1.2035562854751736,-0.0485071058706314,-0.7298431276114858,-0.7077838222736379,-0.9450681029060197,2.755945186492142,2.755945186492142
2021-05-30,-0.0485071058706314,0.2584881825691539,-0.7049517227280188,-0.7044052728817358,1.2035562854751736,-2.497457003922988,-0.7285038007754915,-0.7024746725710853,-0.9450681029060197,0.3069952884397853,0.3069952884397853
2021-05-31,-0.7482070767427332,0.2584881825691539,-0.7009537481776916,-0.7005440722604349,1.2035562854751736,-0.0485071058706314,-0.726788669132433,-0.7044052728817358,-0.9450681029060197,1.0066952593118872,1.0066952593118872
2021-06-02,0.2165557066244471,0.2584881825691539,-0.6954925090727674,-0.7063358708889136,0.717604600462387,-0.7482070767427332,-0.7253014222333647,-0.7005440722604349,-0.45911641789323315,0.04193247594470681,0.04193247594470681
2021-06-03,-0.0699891225202135,0.2584881825691539,-0.687480568562374,-0.7068185221183125,0.717604600462387,0.2165557066244471,-0.7236902414318038,-0.7063358708889136,-0.45911641789323315,0.3284773050893674,0.3284773050893674
2021-06-04,-0.2015664744989037,0.2584881825691539,-0.6785011124637396,-0.7077838222736379,0.717604600462387,-0.0699891225202135,-0.7216472696706233,-0.7068185221183125,-0.45911641789323315,0.4600546570680576,0.4600546570680576
2021-06-05,-0.6607445803837206,-0.3896418559052829,-0.668462191601905,-0.7039226193488642,0.717604600462387,-0.2015664744989037,-0.7191885193481684,-0.7077838222736379,-1.1072464563676698,0.27110272447843775,0.27110272447843775
2021-06-06,-0.0485071058706314,-0.3896418559052829,-0.6593787808456627,-0.7039226193488642,0.717604600462387,-0.6607445803837206,-0.7098372481856705,-0.7039226193488642,-1.1072464563676698,-0.3411347500346515,0.3411347500346515
2021-06-07,-0.5382970854811028,-0.3896418559052829,-0.6524582841018378,-0.7063358708889136,0.717604600462387,-0.0485071058706314,-0.7049517227280188,-0.7039226193488642,-1.1072464563676698,0.1486552295758199,0.1486552295758199
2021-06-08,-0.4566654222126909,-0.3896418559052829,-0.6429830733126819,-0.7044052728817358,0.717604600462387,-0.5382970854811028,-0.7009537481776916,-0.7063358708889136,-1.1072464563676698,0.06702356630740802,0.06702356630740802
2021-06-09,-0.5382970854811028,-0.3896418559052829,-0.6267952865432475,-0.7068185221183125,0.1773990058383287,-0.4566654222126909,-0.6954925090727674,-0.7044052728817358,-0.5670408617436116,0.1486552295758199,0.1486552295758199
2021-06-10,0.2279872374578604,-0.3896418559052829,-0.6169402583071658,-0.7044052728817358,0.1773990058383287,-0.5382970854811028,-0.687480568562374,-0.7068185221183125,-0.5670408617436116,-0.6176290933631433,0.6176290933631433
2021-06-16,0.1883585400065637,-0.3896418559052829,-0.5723428401202785,-0.6971655182615876,0.1773990058383287,0.2279872374578604,-0.6785011124637396,-0.7044052728817358,-0.5670408617436116,-0.5780003959118466,0.5780003959118466
2021-06-17,0.139357543842974,-0.3896418559052829,-0.5607327141191484,-0.6942696200990846,0.09630982910750356,0.1883585400065637,-0.668462191601905,-0.6971655182615876,-0.48595168501278646,-0.5289993997482569,0.5289993997482569
2021-06-18,-0.0485071058706314,-0.3896418559052829,-0.5493704750035544,-0.6947522690250109,0.09630982910750356,0.139357543842974,-0.6593787808456627,-0.6942696200990846,-0.48595168501278646,-0.3411347500346515,0.3411347500346515
2021-06-19,-0.0988279941867757,-0.3896418559052829,-0.5371246728157812,-0.6981308207203855,0.09630982910750356,-0.0485071058706314,-0.6524582841018378,-0.6947522690250109,-0.48595168501278646,-0.2908138617185072,0.2908138617185072
2021-06-20,-0.2136048518067453,-0.3896418559052829,-0.5263261113359297,-0.696200220409735,0.09630982910750356,-0.0988279941867757,-0.6429830733126819,-0.6981308207203855,-0.48595168501278646,-0.1760370040985376,0.1760370040985376
2021-06-21,0.0389553904883812,-0.3896418559052829,-0.5176785003630585,-0.6923390174849614,0.09630982910750356,-0.2136048518067453,-0.6267952865432475,-0.696200220409735,-0.48595168501278646,-0.4285972463936641,0.4285972463936641
2021-06-22,-0.0485071058706314,-0.3896418559052829,-0.5058764927094986,-0.6875125190118079,0.09630982910750356,0.0389553904883812,-0.6169402583071658,-0.6923390174849614,-0.48595168501278646,-0.3411347500346515,0.3411347500346515
2021-06-23,0.7678095268134876,-0.3896418559052829,-0.482104530393043,-0.6875125190118079,0.09630982910750356,-0.0485071058706314,-0.5723428401202785,-0.6875125190118079,-0.48595168501278646,-1.1574513827187705,1.1574513827187705
2021-06-30,0.1191858458047883,-0.3896418559052829,-0.25127336772729053,-0.678342170991427,0.09630982910750356,0.7678095268134876,-0.5607327141191484,-0.6875125190118079,-0.48595168501278646,-0.5088277017100712,0.5088277017100712
2021-07-01,-0.2614592709186624,-0.3896418559052829,-0.208107208378861,-0.675446265918506,0.2584881825691539,0.1191858458047883,-0.5493704750035544,-0.678342170991427,-0.6481300384744368,-0.1281825849866205,0.1281825849866205
2021-07-02,-0.0031561818326248,-0.3896418559052829,-0.16584058252374373,-0.6672412157499779,0.2584881825691539,-0.2614592709186624,-0.5371246728157812,-0.675446265918506,-0.6481300384744368,-0.3864856740726581,0.3864856740726581
2021-07-03,-0.2525862640416612,-0.3896418559052829,-0.125540970664587,-0.6677238623724315,0.2584881825691539,-0.0031561818326248,-0.5263261113359297,-0.6672412157499779,-0.6481300384744368,-0.1370555918636217,0.1370555918636217
2021-07-04,0.0159389440781147,-0.3896418559052829,-0.09287750977320028,-0.6633800128252043,0.2584881825691539,-0.2525862640416612,-0.5176785003630585,-0.6677238623724315,-0.6481300384744368,-0.4055807999833976,0.4055807999833976
2021-07-05,-0.1403427270475948,-0.3896418559052829,-0.06205707745779399,-0.6566229140414002,0.2584881825691539,0.0159389440781147,-0.5058764927094986,-0.6633800128252043,-0.6481300384744368,-0.2492991288576881,0.2492991288576881
2021-07-06,-0.0140148537853869,-0.3896418559052829,-0.03539859031523582,-0.6537270112719519,0.2584881825691539,-0.1403427270475948,-0.482104530393043,-0.6566229140414002,-0.6481300384744368,-0.37562700211989597,0.37562700211989597
2021-07-14,0.0237281069496179,-0.3896418559052829,0.1845741170212778,-0.6059446501281436,0.2584881825691539,-0.0140148537853869,-0.25127336772729053,-0.6537270112719519,-0.6481300384744368,-0.4133699628549008,0.4133699628549008
2021-07-15,-0.0261081738762501,-0.3896418559052829,0.2311384843302524,-0.5987049024184132,0.2584881825691539,0.0237281069496179,-0.208107208378861,-0.6059446501281436,-0.6481300384744368,-0.3635336820290328,0.3635336820290328
2021-07-16,-0.271138914784482,-0.3896418559052829,0.2963574483558318,-0.5929130968795165,0.2584881825691539,-0.0261081738762501,-0.16584058252374373,-0.5987049024184132,-0.6481300384744368,-0.1185029411208009,0.1185029411208009
2021-07-17,-0.9231320694607588,-0.3896418559052829,0.40822087984321376,-0.5871213005545104,0.2584881825691539,-0.271138914784482,-0.125540970664587,-0.5929130968795165,-0.6481300384744368,0.5334902135554759,0.5334902135554759
2021-07-18,-0.4566654222126908,-0.3896418559052829,0.49801536450735445,-0.586156007309603,0.2584881825691539,-0.9231320694607588,-0.09287750977320028,-0.5871213005545104,-0.6481300384744368,0.06702356630740791,0.06702356630740791
2021-07-19,-0.6607445803837206,-0.8219230066789623,0.5383830557722495,-0.5793988993119085,0.2584881825691539,-0.4566654222126908,-0.06205707745779399,-0.586156007309603,-1.0804111892481163,-0.1611784262952417,0.1611784262952417
2021-07-20,-0.0485071058706314,-0.8219230066789623,0.5610874994249551,-0.5615408545005458,0.2584881825691539,-0.6607445803837206,-0.03539859031523582,-0.5793988993119085,-1.0804111892481163,-0.7734159008083309,0.7734159008083309
2021-07-21,-0.1006124228504688,-0.8219230066789623,0.5747326501378011,-0.539821597550519,0.2584881825691539,-0.0485071058706314,0.1845741170212778,-0.5615408545005458,-1.0804111892481163,-0.7213105838284936,0.7213105838284936
2021-07-22,-0.905639570188956,-0.8219230066789623,0.5434245189404784,-0.531133900759537,0.2584881825691539,-0.1006124228504688,0.2311384843302524,-0.539821597550519,-1.0804111892481163,0.08371656350999368,0.08371656350999368
2021-07-23,-0.5382970854811028,-0.8219230066789623,0.46601562058026574,-0.5248594485981867,-0.3896418559052829,-0.905639570188956,0.2963574483558318,-0.531133900759537,-0.43228115077367946,-0.28362592119785957,0.28362592119785957
2021-07-24,-1.2729820548968098,-0.8219230066789623,0.3431897829221473,-0.5094146415060377,-0.3896418559052829,-0.5382970854811028,0.40822087984321376,-0.5248594485981867,-0.43228115077367946,0.4510590482178475,0.4510590482178475
2021-07-26,-1.2729820548968098,-0.8219230066789623,0.1709929624762701,-0.4915565782668938,-0.3896418559052829,-1.2729820548968098,0.49801536450735445,-0.5094146415060377,-0.43228115077367946,0.4510590482178475,0.4510590482178475
2021-07-28,0.009445143625264,-0.8219230066789623,0.043305534003593625,-0.4949351506935222,-0.3896418559052829,-1.2729820548968098,0.5383830557722495,-0.4915565782668938,-0.43228115077367946,-0.8313681503042264,0.8313681503042264
2021-07-29,0.1140338165664719,-0.8219230066789623,0.002150407482133196,-0.49107393164444013,-0.3896418559052829,0.009445143625264,0.5610874994249551,-0.4949351506935222,-0.43228115077367946,-0.9359568232454343,0.9359568232454343
2021-07-30,-0.0485071058706314,-0.8219230066789623,-0.019082906612879376,-0.4794903436013732,-0.3896418559052829,0.1140338165664719,0.5747326501378011,-0.49107393164444013,-0.43228115077367946,-0.7734159008083309,0.7734159008083309
2021-07-31,-1.2729820548968098,-0.8219230066789623,-0.030461097069055566,-0.47852502732173935,-0.3896418559052829,-0.0485071058706314,0.5434245189404784,-0.4794903436013732,-0.43228115077367946,0.4510590482178475,0.4510590482178475
2021-08-01,-0.6607445803837206,-0.8219230066789623,-0.042726914754760266,-0.4679067325235797,-0.3896418559052829,-1.2729820548968098,0.46601562058026574,-0.47852502732173935,-0.43228115077367946,-0.1611784262952417,0.1611784262952417
2021-08-02,-1.2729820548968098,-0.8219230066789623,-0.051850261104111,-0.45680576806823997,-0.3896418559052829,-0.6607445803837206,0.3431897829221473,-0.4679067325235797,-0.43228115077367946,0.4510590482178475,0.4510590482178475
2021-08-03,0.359651210471428,-0.8219230066789623,-0.056655869582223635,-0.44522218002517294,-0.3896418559052829,-1.2729820548968098,0.1709929624762701,-0.45680576806823997,-0.43228115077367946,-1.1815742171503905,1.1815742171503905
2021-08-04,-0.4252686286479171,-0.8219230066789623,-0.05721958537906783,-0.4389477278638226,-0.3896418559052829,0.359651210471428,0.043305534003593625,-0.44522218002517294,-0.43228115077367946,-0.39665437803104525,0.39665437803104525
2021-08-05,0.0170897663986281,-0.8219230066789623,-0.05365736100267955,-0.43701711833928153,-0.3896418559052829,-0.4252686286479171,0.002150407482133196,-0.4389477278638226,-0.43228115077367946,-0.8390127730775905,0.8390127730775905
2021-08-11,0.115252461780286,-0.8219230066789623,0.005548653603780138,-0.4336385689473795,-0.3896418559052829,0.0170897663986281,-0.019082906612879376,-0.43701711833928153,-0.43228115077367946,-0.9371754684592484,0.9371754684592484
2021-08-12,-0.0639093064873129,-0.8219230066789623,0.009726550117210452,-0.43122531280038484,-0.3896418559052829,0.115252461780286,-0.030461097069055566,-0.4336385689473795,-0.43228115077367946,-0.7580137001916495,0.7580137001916495
2021-08-13,-0.0284337460505301,-0.8219230066789623,0.013772466459818498,-0.43315592232492584,-0.3896418559052829,-0.0639093064873129,-0.042726914754760266,-0.43122531280038484,-0.43228115077367946,-0.7934892606284323,0.7934892606284323
2021-08-14,-0.4770733380297938,-0.8219230066789623,0.014036388640361046,-0.43074266617793117,-0.3896418559052829,-0.0284337460505301,-0.051850261104111,-0.43315592232492584,-0.43228115077367946,-0.34484966864916855,0.34484966864916855
2021-08-15,-0.0485071058706314,-0.8219230066789623,0.0177904870369586,-0.43074266617793117,-0.3896418559052829,-0.4770733380297938,-0.056655869582223635,-0.43074266617793117,-0.43228115077367946,-0.7734159008083309,0.7734159008083309
2021-08-16,0.4106710000141854,-0.8219230066789623,0.027853340633831918,-0.43219062908001854,-0.3896418559052829,-0.0485071058706314,-0.05721958537906783,-0.43074266617793117,-0.43228115077367946,-1.2325940066931478,1.2325940066931478
2021-08-17,0.1963878839346042,-0.8219230066789623,0.03760846310521432,-0.42832941003093644,-0.3896418559052829,0.4106710000141854,-0.05365736100267955,-0.43219062908001854,-0.43228115077367946,-1.0183108906135665,1.0183108906135665
2021-08-18,-0.4893180875200557,-0.8219230066789623,0.05657882385925374,-0.4259161769186682,-0.3896418559052829,0.1963878839346042,0.005548653603780138,-0.42832941003093644,-0.43228115077367946,-0.33260491915890666,0.33260491915890666
2021-08-19,-0.1709546007732492,-0.8219230066789623,0.08217389465651297,-0.41771111523277676,-0.3896418559052829,-0.4893180875200557,0.009726550117210452,-0.4259161769186682,-0.43228115077367946,-0.6509684059057131,0.6509684059057131
2021-08-23,-0.0086697359536838,-0.8219230066789623,0.14973970920552976,-0.3819950117892156,-0.3896418559052829,-0.1709546007732492,0.013772466459818498,-0.41771111523277676,-0.43228115077367946,-0.8132532707252785,0.8132532707252785
2021-08-24,-0.1006124228504688,-0.8219230066789623,0.16339680434326143,-0.3641369485500718,-0.3896418559052829,-0.0086697359536838,0.014036388640361046,-0.3819950117892156,-0.43228115077367946,-0.7213105838284936,0.7213105838284936
2021-08-25,-0.1864761142116092,-0.8219230066789623,0.17462307545288766,-0.34917481111510273,-0.3896418559052829,-0.1006124228504688,0.0177904870369586,-0.3641369485500718,-0.43228115077367946,-0.6354468924673531,0.6354468924673531
2021-08-26,-0.1565490131376471,-0.8219230066789623,0.17367156653882646,-0.3414524190863914,-0.3896418559052829,-0.1864761142116092,0.027853340633831918,-0.34917481111510273,-0.43228115077367946,-0.6653739935413152,0.6653739935413152
2021-08-27,0.2576116313859131,-0.8219230066789623,0.1738234858853765,-0.34386567523338607,-0.3896418559052829,-0.1565490131376471,0.03760846310521432,-0.3414524190863914,-0.43228115077367946,-1.0795346380648754,1.0795346380648754
2021-08-28,-0.0485071058706314,-0.8219230066789623,0.17826921609229107,-0.3390391629393967,-0.8219230066789623,0.2576116313859131,0.05657882385925374,-0.34386567523338607,0.0,-0.7734159008083309,0.7734159008083309
2021-08-29,-0.0485071058706314,-0.8219230066789623,0.18432225374892652,-0.3332473804352264,-0.8219230066789623,-0.0485071058706314,0.08217389465651297,-0.3390391629393967,0.0,-0.7734159008083309,0.7734159008083309
2021-08-30,-0.354625843127176,-0.8219230066789623,0.1805840685318094,-0.3245596721268813,-0.8219230066789623,-0.0485071058706314,0.14973970920552976,-0.3332473804352264,0.0,-0.46729716355178635,0.46729716355178635
2021-08-31,-0.0709060378650127,-0.8219230066789623,0.170161336663738,-0.31925051321043824,-0.8219230066789623,-0.354625843127176,0.16339680434326143,-0.3245596721268813,0.0,-0.7510169688139496,0.7510169688139496
2021-09-07,-0.0976016203363036,-0.8219230066789623,0.2773990892683309,-0.28305176314442343,-0.8219230066789623,-0.0709060378650127,0.17462307545288766,-0.31925051321043824,0.0,-0.7243213863426587,0.7243213863426587
2021-09-08,-0.0485071058706314,-0.8219230066789623,0.31799857106599283,-0.25940189436638295,-0.8219230066789623,-0.0976016203363036,0.17367156653882646,-0.28305176314442343,0.0,-0.7734159008083309,0.7734159008083309
2021-09-09,0.4106710000141854,-0.8219230066789623,0.2916398584591853,-0.24154387719669188,-0.8219230066789623,-0.0485071058706314,0.1738234858853765,-0.25940189436638295,0.0,-1.2325940066931478,1.2325940066931478
2021-09-10,-1.2729820548968096,-0.9841013601406122,0.26092341514637857,-0.23285616888834687,-0.8219230066789623,0.4106710000141854,0.17826921609229107,-0.24154387719669188,-0.16217835346164988,0.2888806947561974,0.2888806947561974
2021-09-11,0.5637303686424577,-0.9841013601406122,0.22752432269421705,-0.2116194871531218,-0.8219230066789623,-1.2729820548968096,0.18432225374892652,-0.23285616888834687,-0.16217835346164988,-1.5478317287830698,1.5478317287830698
2021-09-13,-0.3458795934912748,-0.9841013601406122,0.1566681625390948,-0.2121022028797547,-0.8219230066789623,0.5637303686424577,0.1805840685318094,-0.2116194871531218,-0.16217835346164988,-0.6382217666493375,0.6382217666493375
2021-09-14,-0.0485071058706314,-0.9841013601406122,0.12571187670102643,-0.22272047464318798,-0.8219230066789623,-0.3458795934912748,0.170161336663738,-0.2121022028797547,-0.16217835346164988,-0.9355942542699808,0.9355942542699808
2021-09-15,-0.0485071058706314,-0.9841013601406122,0.08464862303232142,-0.24154387719669188,-0.8219230066789623,-0.0485071058706314,0.2773990892683309,-0.22272047464318798,-0.16217835346164988,-0.9355942542699808,0.9355942542699808
2021-09-20,-0.1396914105853468,-0.9841013601406122,0.030759938199518822,-0.22320314430036803,-0.8219230066789623,-0.0485071058706314,0.31799857106599283,-0.24154387719669188,-0.16217835346164988,-0.8444099495552655,0.8444099495552655
2021-09-21,-0.169851470188541,-0.9841013601406122,0.058841681797472345,-0.22513373079018267,-0.8219230066789623,-0.1396914105853468,0.2916398584591853,-0.22320314430036803,-0.16217835346164988,-0.8142498899520713,0.8142498899520713
2021-09-22,-0.111300693000179,-0.9841013601406122,0.08326936632738396,-0.20534505802649788,-0.8219230066789623,-0.169851470188541,0.26092341514637857,-0.22513373079018267,-0.16217835346164988,-0.8728006671404333,0.8728006671404333
2021-09-23,-0.3385143306399895,-0.9841013601406122,0.11290634655155478,-0.22030721849619325,-0.8219230066789623,-0.111300693000179,0.22752432269421705,-0.20534505802649788,-0.16217835346164988,-0.6455870295006227,0.6455870295006227
2021-09-24,-0.1025280595041393,-0.9841013601406122,0.13826149850134858,-0.22513373079018267,-0.8219230066789623,-0.3385143306399895,0.1566681625390948,-0.22030721849619325,-0.16217835346164988,-0.8815733006364729,0.8815733006364729
2021-09-25,-0.3569626273810428,-0.9841013601406122,0.16281309212903666,-0.2314081599168066,-0.8219230066789623,-0.1025280595041393,0.12571187670102643,-0.22513373079018267,-0.16217835346164988,-0.6271387327595694,0.6271387327595694
2021-09-26,-0.7831920752863384,-0.9841013601406122,0.17332376625637066,-0.2531274422050325,-0.8219230066789623,-0.3569626273810428,0.08464862303232142,-0.2314081599168066,-0.16217835346164988,-0.20090928485427384,0.20090928485427384
2021-09-27,-0.4566654222126909,-0.9841013601406122,0.18100786664864205,-0.257953954499022,-0.8219230066789623,-0.7831920752863384,0.030759938199518822,-0.2531274422050325,-0.16217835346164988,-0.5274359379279213,0.5274359379279213
2021-10-04,-0.1065390939761375,-1.0558565309168102,0.13724202466485455,-0.31731990368589724,-0.8219230066789623,-0.4566654222126909,0.058841681797472345,-0.257953954499022,-0.23393352423784786,-0.9493174369406727,0.9493174369406727
2021-10-05,-0.0172248991436852,-1.0558565309168102,0.13714606857419892,-0.3197331598328919,-0.8219230066789623,-0.1065390939761375,0.08326936632738396,-0.31731990368589724,-0.23393352423784786,-1.038631631773125,1.038631631773125
2021-10-06,-0.2758048508994429,-1.0564399062889744,0.14571775803489684,-0.32649025861669595,-0.8219230066789623,-0.0172248991436852,0.11290634655155478,-0.3197331598328919,-0.2345168996100121,-0.7806350553895316,0.7806350553895316
2021-10-07,-0.2499010119604634,-1.0564399062889744,0.15663618353572664,-0.3197331598328919,-0.8219230066789623,-0.2758048508994429,0.13826149850134858,-0.32649025861669595,-0.2345168996100121,-0.806538894328511,0.806538894328511
2021-10-08,-0.0485071058706314,-1.0564399062889744,0.17433526442257363,-0.3327647107780463,-0.8219230066789623,-0.2499010119604634,0.16281309212903666,-0.3197331598328919,-0.2345168996100121,-1.007932800418343,1.007932800418343
2021-10-18,-0.2082212296566546,-0.8411743939603812,0.44764492338103323,-0.2733987385564446,-0.8219230066789623,-0.0485071058706314,0.17332376625637066,-0.3327647107780463,-0.01925138728141884,-0.6329531643037266,0.6329531643037266
2021-10-19,-0.2061648246293668,-0.8417577693325453,0.4769660823261164,-0.2603671876112902,-0.8219230066789623,-0.2082212296566546,0.18100786664864205,-0.2733987385564446,-0.01983476265358297,-0.6355929447031785,0.6355929447031785
2021-10-20,-0.2251140696724841,-0.8417577693325453,0.506707051552887,-0.2598845409888365,-0.8219230066789623,-0.2061648246293668,0.13724202466485455,-0.2603671876112902,-0.01983476265358297,-0.6166436996600613,0.6166436996600613
2021-10-21,-0.580887518490709,-0.8417577693325453,0.5235304687156421,-0.2569886382193882,-0.8219230066789623,-0.2251140696724841,0.13714606857419892,-0.2598845409888365,-0.01983476265358297,-0.26087025084183635,0.26087025084183635
2021-10-22,-0.24442309771482,-0.8417577693325453,0.5390666165095208,-0.2487835765334968,-0.8219230066789623,-0.580887518490709,0.14571775803489684,-0.2569886382193882,-0.01983476265358297,-0.5973346716177254,0.5973346716177254
2021-10-23,-0.5304812879341271,-0.8417577693325453,0.5341691160981018,-0.24733563666613584,-0.8219230066789623,-0.24442309771482,0.15663618353572664,-0.2487835765334968,-0.01983476265358297,-0.31127648139841824,0.31127648139841824
2021-10-24,-0.5308760251839744,-0.8417577693325453,0.5225910377903233,-0.24250912437214642,-0.8219230066789623,-0.5304812879341271,0.17433526442257363,-0.24733563666613584,-0.01983476265358297,-0.31088174414857095,0.31088174414857095
2021-10-25,-0.6247306112947153,-0.8423411447047093,0.5114966514487644,-0.23189085260871314,-0.8219230066789623,-0.5308760251839744,0.44764492338103323,-0.24250912437214642,-0.02041813802574699,-0.21761053340999403,0.21761053340999403
2021-10-27,-1.2729820548968096,-0.8423411447047093,0.4384735322044266,-0.2145154590267494,-0.8219230066789623,-0.6247306112947153,0.4769660823261164,-0.23189085260871314,-0.02041813802574699,0.43064091019210027,0.43064091019210027
2021-11-01,-0.2178493860551029,-0.8429245200768739,0.3394356845255495,-0.15563211039287492,-0.8219230066789623,-1.2729820548968096,0.506707051552887,-0.2145154590267494,-0.021001513397911564,-0.6250751340217711,0.6250751340217711
2021-11-02,-0.2549592775087662,-0.8429245200768739,0.3356375863784943,-0.14211795889471973,-0.8219230066789623,-0.2178493860551029,0.5235304687156421,-0.15563211039287492,-0.021001513397911564,-0.5879652425681077,0.5879652425681077
2021-11-03,-0.1861873034884074,-0.8429245200768739,0.3262143891711892,-0.1223292861310348,-0.8219230066789623,-0.2549592775087662,0.5390666165095208,-0.14211795889471973,-0.021001513397911564,-0.6567372165884665,0.6567372165884665
2021-11-04,-0.2788538784597145,-0.8429245200768739,0.30980263489487153,-0.12860371525765882,-0.9841013601406122,-0.1861873034884074,0.5341691160981018,-0.1223292861310348,0.14117684006373832,-0.5640706416171595,0.5640706416171595
2021-11-05,-0.5050909851685285,-0.8429245200768739,0.28158097361690665,-0.12522516586575683,-0.9841013601406122,-0.2788538784597145,0.5225910377903233,-0.12860371525765882,0.14117684006373832,-0.33783353490834545,0.33783353490834545
2021-11-06,-0.7287709664407305,-0.8429245200768739,0.2506846007087764,-0.139704702747725,-0.9841013601406122,-0.5050909851685285,0.5114966514487644,-0.12522516586575683,0.14117684006373832,-0.11415355363614343,0.11415355363614343
2021-11-07,-0.8065154076487419,-0.8429245200768739,0.21097263165733712,-0.14887503464379734,-0.9841013601406122,-0.7287709664407305,0.4384735322044266,-0.139704702747725,0.14117684006373832,-0.03640911242813205,0.03640911242813205
2021-11-08,-0.6471393031723186,-0.8435078954490379,0.18645316967742476,-0.1464617784968026,-0.9841013601406122,-0.8065154076487419,0.3394356845255495,-0.14887503464379734,0.1405934646915743,-0.19636859227671932,0.19636859227671932
2021-11-09,-0.354625843127176,-0.8435078954490379,0.16954970960349433,-0.16335454849103911,-0.9841013601406122,-0.6471393031723186,0.3356375863784943,-0.1464617784968026,0.1405934646915743,-0.48888205232186194,0.48888205232186194
2021-11-16,-0.2660125244476499,-0.844091270821202,0.3109861442277598,-0.22561640044736275,-0.9841013601406122,-0.354625843127176,0.3262143891711892,-0.16335454849103911,0.14001008931941017,-0.5780787463735522,0.5780787463735522
2021-11-17,-0.5211114721614372,-0.844091270821202,0.3382602462657071,-0.22078988815337333,-0.9841013601406122,-0.2660125244476499,0.30980263489487153,-0.22561640044736275,0.14001008931941017,-0.3229797986597649,0.3229797986597649
2021-11-18,-0.4566654222126909,-0.844091270821202,0.3549878599822142,-0.21644602248183759,-0.9841013601406122,-0.5211114721614372,0.28158097361690665,-0.22078988815337333,0.14001008931941017,-0.38742584860851115,0.38742584860851115
2021-11-19,-0.2934020956758671,-0.844091270821202,0.3667938363903687,-0.23623467221079603,-0.9841013601406122,-0.4566654222126909,0.2506846007087764,-0.21644602248183759,0.14001008931941017,-0.5506891751453349,0.5506891751453349
2021-11-20,-0.6607445803837206,-0.8446746461933662,0.3790396576586928,-0.24926626922540324,-0.9841013601406122,-0.2934020956758671,0.21097263165733712,-0.23623467221079603,0.13942671394724604,-0.18393006580964555,0.18393006580964555
2021-11-21,-0.4566654222126909,-0.8446746461933662,0.38640787953022365,-0.2507142090927642,-0.9841013601406122,-0.6607445803837206,0.18645316967742476,-0.24926626922540324,0.13942671394724604,-0.3880092239806753,0.3880092239806753
2021-11-22,-0.4744114359666934,-0.8446746461933662,0.3962029948363675,-0.25505802869484717,-0.9841013601406122,-0.4566654222126909,0.16954970960349433,-0.2507142090927642,0.13942671394724604,-0.3702632102266728,0.3702632102266728
2021-11-23,-0.5895541763705707,-0.8446746461933662,0.4030714207566889,-0.2613324808561976,-1.0558565309168102,-0.4744114359666934,0.3109861442277598,-0.25505802869484717,0.211181884723444,-0.25512046982279546,0.25512046982279546
2021-11-29,-0.1642662922281483,-0.8452580215655306,0.4010085079117254,-0.2999445101039335,-1.0558565309168102,-0.5895541763705707,0.3382602462657071,-0.2613324808561976,0.21059850935127955,-0.6809917293373824,0.6809917293373824
2021-11-30,-0.3260547609832318,-0.8452580215655306,0.41082758838984423,-0.2893262153057738,-1.0564399062889744,-0.1642662922281483,0.3549878599822142,-0.2999445101039335,0.2111818847234438,-0.5192032605822989,0.5192032605822989
2021-12-01,-0.4392969832194117,-0.8452580215655306,0.4330402880838352,-0.28305176314442343,-1.0564399062889744,-0.3260547609832318,0.3667938363903687,-0.2893262153057738,0.2111818847234438,-0.40596103834611896,0.40596103834611896
2021-12-02,-0.3626394226365096,-0.8458413969376948,0.4630171692423744,-0.29608331408957783,-1.0564399062889744,-0.4392969832194117,0.3790396576586928,-0.28305176314442343,0.21059850935127966,-0.48320197430118517,0.48320197430118517
2021-12-03,-0.4449198591524877,-0.8458413969376948,0.495192893090743,-0.2888435456485937,-0.8411743939603812,-0.3626394226365096,0.38640787953022365,-0.29608331408957783,-0.004667002977313595,-0.40092153778520706,0.40092153778520706
2021-12-04,0.2576116313859131,-0.8458413969376948,0.522754863400657,-0.2975312539569388,-0.8417577693325453,-0.4449198591524877,0.3962029948363675,-0.2888435456485937,-0.004083627605149465,-1.103453028323608,1.103453028323608
2021-12-05,-1.4479070476148352,-0.8458413969376948,0.5480900952552741,-0.2902914855159547,-0.8417577693325453,0.2576116313859131,0.4030714207566889,-0.2975312539569388,-0.004083627605149465,0.6020656506771405,0.6020656506771405
2021-12-06,-0.354625843127176,-0.8458413969376948,0.5700029631718615,-0.2719507986890836,-0.8417577693325453,-1.4479070476148352,0.4010085079117254,-0.2902914855159547,-0.004083627605149465,-0.4912155538105188,0.4912155538105188
2021-12-14,-0.1156723984332488,-0.8470081476820234,0.7488644292540667,-0.3067016088877375,-0.8417577693325453,-0.354625843127176,0.41082758838984423,-0.2719507986890836,-0.005250378349478058,-0.7313357492487745,0.7313357492487745
2021-12-15,-0.3685102782943195,-1.0097698765158378,0.8587088713247393,-0.32166374632270656,-0.8417577693325453,-0.1156723984332488,0.4330402880838352,-0.3067016088877375,-0.16801210718329251,-0.6412595982215183,0.6412595982215183
2021-12-16,-0.7015604120179265,-1.0097698765158378,1.0447347026722786,-0.3124933913919078,-0.8417577693325453,-0.3685102782943195,0.4630171692423744,-0.32166374632270656,-0.16801210718329251,-0.3082094644979113,0.3082094644979113
2021-12-27,-0.1452687756931024,-0.8166726283294843,2.816609996158448,-0.32986880800859797,-0.8423411447047093,-0.7015604120179265,0.495192893090743,-0.3124933913919078,0.025668516375225048,-0.6714038526363819,0.6714038526363819
2021-12-28,-0.4707398469141411,-0.8166726283294843,2.9251708895676765,-0.3293861383514179,-0.8423411447047093,-0.1452687756931024,0.522754863400657,-0.32986880800859797,0.025668516375225048,-0.34593278141534317,0.34593278141534317
2021-12-29,-0.3707373556143625,-0.8172560037016484,3.169227354503486,-0.32986880800859797,-0.8429245200768739,-0.4707398469141411,0.5480900952552741,-0.3293861383514179,0.025668516375225492,-0.4465186480872859,0.4465186480872859
2021-12-30,-0.2780961588130399,-0.8172560037016484,3.4178055284000357,-0.30525366902037654,-0.8429245200768739,-0.3707373556143625,0.5700029631718615,-0.32986880800859797,0.025668516375225492,-0.5391598448886086,0.5391598448886086
2021-12-31,-1.028087065091574,-0.8172560037016484,3.862532338332038,-0.3071842555101912,-0.8429245200768739,-0.2780961588130399,0.7488644292540667,-0.30525366902037654,0.025668516375225492,0.2108310613899257,0.2108310613899257
2022-01-01,-0.8648237385547505,-0.9315975766458335,4.166150460263197,-0.28739560578123274,-0.8429245200768739,-1.028087065091574,0.8587088713247393,-0.3071842555101912,-0.08867305656895963,-0.06677383809108306,0.06677383809108306
2022-01-02,-1.028087065091574,-0.9315975766458335,4.371242913744247,-0.2690549189543617,-0.8429245200768739,-0.8648237385547505,1.0447347026722786,-0.28739560578123274,-0.08867305656895963,0.09648948844574057,0.09648948844574057
2022-01-03,-0.2418452557168701,-0.9315975766458335,4.562794091031744,-0.237682612078157,-0.8429245200768739,-1.028087065091574,2.816609996158448,-0.2690549189543617,-0.08867305656895963,-0.6897523209289634,0.6897523209289634
2022-01-04,-0.0485071058706314,-1.0401053958683764,4.821786811240013,-0.2116194871531218,-0.8429245200768739,-0.2418452557168701,2.9251708895676765,-0.237682612078157,-0.19718087579150245,-0.9915982899977449,0.9915982899977449
2022-01-05,-0.0485071058706314,-1.0401053958683764,4.9612763236884545,-0.18990027396907516,-0.8435078954490379,-0.0485071058706314,3.169227354503486,-0.2116194871531218,-0.19659750041933843,-0.9915982899977449,0.9915982899977449
2022-01-10,-0.1847731268437641,-1.041855521984869,4.385639761841755,-0.06923776607078351,-0.8435078954490379,-0.0485071058706314,3.4178055284000357,-0.18990027396907516,-0.19834762653583116,-0.857082395141105,0.857082395141105
2022-01-11,-0.2404518276098702,-1.041855521984869,4.04470027308589,-0.035452272151763324,-0.844091270821202,-0.1847731268437641,3.862532338332038,-0.06923776607078351,-0.19776425116366703,-0.8014036943749989,0.8014036943749989
2022-01-12,-0.5006209332033742,-1.042438897357033,3.6571284902597188,-0.003597341687831425,-0.844091270821202,-0.2404518276098702,4.166150460263197,-0.035452272151763324,-0.19834762653583105,-0.5418179641536589,0.5418179641536589
2022-01-13,-0.3950566197459649,-1.042438897357033,3.0158451021132584,0.009916855879776627,-0.844091270821202,-0.5006209332033742,4.371242913744247,-0.003597341687831425,-0.19834762653583105,-0.6473822776110683,0.6473822776110683
2022-01-24,-0.0246149117432913,-1.1614474732785323,2.140148368668379,0.035014664525178076,-0.844091270821202,-0.3950566197459649,4.562794091031744,0.009916855879776627,-0.3173562024573302,-1.136832561535241,1.136832561535241
2022-01-25,-0.1523495043746182,-1.1620308486506965,2.157211532953641,0.0166739546635806,-0.8446746461933662,-0.0246149117432913,4.821786811240013,0.035014664525178076,-0.3173562024573303,-1.0096813442760784,1.0096813442760784
2022-01-26,-1.1616661504398844,-1.1620308486506965,2.140620039887509,0.015225991761493265,-0.8446746461933662,-0.1523495043746182,4.9612763236884545,0.0166739546635806,-0.3173562024573303,-0.00036469821081208664,0.00036469821081208664
2022-01-27,-0.3071989965099648,-1.239036397776372,2.1180114950838065,-0.00408003437973796,-0.8446746461933662,-1.1616661504398844,4.385639761841755,0.015225991761493265,-0.3943617515830059,-0.9318374012664072,0.9318374012664072
2022-02-07,-0.1048048046764327,-1.2413698992650288,1.473757455962168,-0.10978040484306051,-0.8446746461933662,-0.3071989965099648,4.04470027308589,-0.00408003437973796,-0.39669525307166265,-1.1365650945885961,1.1365650945885961
2022-02-08,0.0559054866819884,-1.2413698992650288,1.3652123994102163,-0.12522516586575683,-0.8452580215655306,-0.1048048046764327,3.6571284902597188,-0.10978040484306051,-0.3961118776994982,-1.2972753859470172,1.2972753859470172
2022-02-09,-0.2078565855384217,-1.2413698992650288,1.2509983203697608,-0.15756274295214243,-0.8452580215655306,0.0559054866819884,3.0158451021132584,-0.12522516586575683,-0.3961118776994982,-1.033513313726607,1.033513313726607
2022-02-10,-0.7287709664407305,-1.2413698992650288,1.1538954886029253,-0.18121258869545645,-0.8452580215655306,-0.2078565855384217,2.140148368668379,-0.15756274295214243,-0.3961118776994982,-0.5125989328242984,0.5125989328242984
2022-02-11,-0.6607445803837205,-1.2868731782938372,1.0576281941615637,-0.20244917829177583,-0.8458413969376948,-0.7287709664407305,2.157211532953641,-0.18121258869545645,-0.4410317813561424,-0.6261285979101167,0.6261285979101167
2022-02-13,-0.0485071058706314,-1.2868731782938372,0.8854913438872776,-0.2439570642395074,-0.8458413969376948,-0.6607445803837205,2.140620039887509,-0.20244917829177583,-0.4410317813561424,-1.2383660724232057,1.2383660724232057
2022-02-14,-0.0485071058706314,-1.2874565536660014,0.8264172140488855,-0.25747126180711544,-0.8458413969376948,-0.0485071058706314,2.1180114950838065,-0.2439570642395074,-0.44161515672830665,-1.23894944779537,1.23894944779537
2022-02-21,-0.1469423636486189,-1.6923190619479629,0.4576517946414613,-0.2980139005793924,-0.8458413969376948,-0.0485071058706314,1.473757455962168,-0.25747126180711544,-0.8464776650102681,-1.545376698299344,1.545376698299344
2022-02-22,0.0280225784435047,-1.6923190619479629,0.4415199711279211,-0.2980139005793924,-0.8458413969376948,-0.1469423636486189,1.3652123994102163,-0.2980139005793924,-0.8464776650102681,-1.7203416403914675,1.7203416403914675
2022-02-23,-0.8648237385547504,-1.692902437320127,0.40308744841947475,-0.3211810997002529,-0.8470081476820234,0.0280225784435047,1.2509983203697608,-0.2980139005793924,-0.8458942896381035,-0.8280786987653765,0.8280786987653765
2022-02-24,-1.2729820548968098,-1.692902437320127,0.349858435474172,-0.32745555186160324,-1.0097698765158378,-0.8648237385547504,1.1538954886029253,-0.3211810997002529,-0.6831325608042891,-0.4199203824233171,0.4199203824233171
2022-02-25,-0.6607445803837205,-1.692902437320127,0.2895049356149907,-0.3342126506454073,-1.0097698765158378,-1.2729820548968098,1.0576281941615637,-0.32745555186160324,-0.6831325608042891,-1.0321578569364065,1.0321578569364065
2022-02-26,-0.6136493900365599,-1.692902437320127,0.23319345966602653,-0.3327647107780463,-0.8166726283294843,-0.6607445803837205,0.8854913438872776,-0.3342126506454073,-0.8762298089906426,-1.0792530472835669,1.0792530472835669
2022-02-27,0.7678095268134874,-1.692902437320127,0.21158836103603204,-0.336625906792402,-0.8166726283294843,-0.6136493900365599,0.8264172140488855,-0.3327647107780463,-0.8762298089906426,-2.460711964133614,2.460711964133614
2022-03-07,-0.1711404088080028,-2.037093906897011,0.36862892745715997,-0.3612410688153498,-0.8172560037016484,0.7678095268134874,0.4576517946414613,-0.336625906792402,-1.2198379031953626,-1.865953498089008,1.865953498089008
2022-03-08,-0.1817832907986508,-2.037093906897011,0.43925718951190645,-0.3728246568584168,-0.8172560037016484,-0.1711404088080028,0.4415199711279211,-0.3612410688153498,-1.2198379031953626,-1.8553106160983601,1.8553106160983601
2022-03-09,-0.2385118393402108,-2.037093906897011,0.5346928772212866,-0.3641369485500718,-0.8172560037016484,-0.1817832907986508,0.40308744841947475,-0.3728246568584168,-1.2198379031953626,-1.7985820675568,1.7985820675568
2022-03-10,-0.4787280339068562,-2.037093906897011,0.6359096665753668,-0.3578625194234478,-0.9315975766458335,-0.2385118393402108,0.349858435474172,-0.3641369485500718,-1.1054963302511773,-1.5583658729901546,1.5583658729901546
2022-03-11,-0.5263509884174327,-2.037093906897011,0.7452622120429173,-0.3771684994952262,-0.9315975766458335,-0.4787280339068562,0.2895049356149907,-0.3578625194234478,-1.1054963302511773,-1.5107429184795782,1.5107429184795782
2022-03-12,-0.354625843127176,-2.037093906897011,0.8522041207052522,-0.3728246568584168,-0.9315975766458335,-0.5263509884174327,0.23319345966602653,-0.3771684994952262,-1.1054963302511773,-1.6824680637698348,1.6824680637698348
2022-03-14,-0.0485071058706314,-2.037093906897011,1.0478690647744848,-0.35834516604590144,-1.0401053958683764,-0.354625843127176,0.21158836103603204,-0.3728246568584168,-0.9969885110286345,-1.9885868010263794,1.9885868010263794
2022-03-21,-0.1256393861242489,-2.1992722603586605,1.5507346950185625,-0.265193722940006,-1.0401053958683764,-0.0485071058706314,0.36862892745715997,-0.35834516604590144,-1.1591668644902842,-2.0736328742344114,2.0736328742344114
2022-03-22,-0.0916776970221954,-2.1992722603586605,1.5719839413736065,-0.23478673234343506,-1.041855521984869,-0.1256393861242489,0.43925718951190645,-0.265193722940006,-1.1574167383737914,-2.107594563336465,2.107594563336465
2022-03-23,-0.1642055262510577,-2.1992722603586605,1.6097727816962375,-0.22416846058000178,-1.041855521984869,-0.0916776970221954,0.5346928772212866,-0.23478673234343506,-1.1574167383737914,-2.0350667341076027,2.0350667341076027
2022-03-24,-0.1082375911889815,-2.1992722603586605,1.6313097627593915,-0.20244917829177583,-1.042438897357033,-0.1642055262510577,0.6359096665753668,-0.22416846058000178,-1.1568333630016274,-2.091034669169679,2.091034669169679
2022-03-25,-0.3721183423989785,-2.1992722603586605,1.6410410345421045,-0.19665737275287914,-1.042438897357033,-0.1082375911889815,0.7452622120429173,-0.20244917829177583,-1.1568333630016274,-1.827153917959682,1.827153917959682
2022-03-26,-0.5382970854811028,-2.1992722603586605,1.6412488217417942,-0.18217788194036383,-1.1614474732785323,-0.3721183423989785,0.8522041207052522,-0.19665737275287914,-1.0378247870801283,-1.6609751748775579,1.6609751748775579
2022-03-27,1.175967843155547,-2.1992722603586605,1.6298346453665533,-0.17686876909337354,-1.1620308486506965,-0.5382970854811028,1.0478690647744848,-0.18217788194036383,-1.037241411707964,-3.3752401035142077,3.3752401035142077
2022-03-28,-0.0485071058706314,-2.1992722603586605,1.6060026556368536,-0.1783167089607345,-1.1620308486506965,1.175967843155547,1.5507346950185625,-0.17686876909337354,-1.037241411707964,-2.1507651544880293,2.1507651544880293
2022-03-29,-2.497457003922988,-2.1992722603586605,1.5551564218924003,-0.18555638526281296,-1.239036397776372,-0.0485071058706314,1.5719839413736065,-0.1783167089607345,-0.9602358625822884,0.29818474356432745,0.29818474356432745
